Workbook

Sheet اسماء الموظفين
H1: =TODAY() -> 45228
A3: م | B3: الرقم الوظيفي | C3: اسم الموظف | D3: النوع | E3: الجنسية | F3: تصنيف التذكرة | G3: رقم الهوية / الإقامة | H3: تاريخ انتهاء الهوية | I3: تاريخ الميلاد | J3: العمر | K3: المهنة فى الاقامة | L3: المسمي الوظيفي | M3: تاريخ بداية العمل | N3: مدة العقد | O3: تاريخ أخر عودة من الأجازة | P3: الموقع | Q3: المشروع | R3: القسم | S3: نوع الوظيفة | T3: مدة الدوام | U3: تاريخ بداية العقد | V3: تاريخ نهاية العقد | W3: تاريخ إنتهاء الشهادة الصحية | X3: رقم جواز السفر | Y3: تاريخ انتهاء جواز السفر | Z3: رقم الجوال | AA3: البريد الإلكتروني | AB3: رقم الحساب البنك (IBN) | AC3: رمز البنك | AD3: الرقم 700 | AE3: اسم الشركة | AF3: الكيان | AG3: تاريخ الإستقالة/ انهاء التعاقد | AH3: نوع الاستبعاد | AI3: ملاحظات | AJ3: نوع رخصة القيادة | AK3: انتهاء الرخصة | AL3: حالة الموظف
A4: =ROW()-3 -> 1 | B4: 1000 | C4: سلطان عبدالرحمن صالح الرزيحي | D4: ذكر | E4: سعودي | F4: مواطن | G4: 1023619636 | H4: 46903 | I4: 25459 | J4: =($H$1-I4)/365 -> 54.161644 | L4: رئيس مجلس الإدارة | M4: 37257 | N4: 2 | O4: 37257 | P4: الرياض | Q4: الإدارة | R4: مجلس الإدارة | S4: دوام كامل | V4: 44926 | Z4: 050540082 | AB4: SA7310000004000000048604 | AC4: NCBK | AD4: 1023619636 | AE4: سلطان عبدالرحمن صالح الرزيحي | AI4: المالك | AL4: على رأس العمل
A5: =ROW()-3 -> 2 | B5: 1001 | C5: سنوار عبد المجيد | D5: ذكر | E5: بنجلاديش | F5: غير عربي | G5: 2183771753 | H5: 45269 | I5: 24108 | J5: =($H$1-I5)/365 -> 57.863014 | K5: عامل تعبئة رفوف | L5: مشرف فرع | M5: 37377 | N5: 2 | O5: 44130 | P5: الرياض | Q5: النسيم | R5: نقاط البيع | S5: دوام كامل | T5: 12 | V5: 45292 | X5: EJ0074623 | Y5: 46164 | Z5: 0541326417 | AA5: sanowar222ajs@gmail.com | AB5: SA4710000035762757000108 | AC5: NCBK | AD5: 7014477116 | AE5: شركة ريال البركة للتجارة | AF5: جملة ريال البركة | AL5: على رأس العمل
A6: =ROW()-3 -> 3 | B6: 1002 | C6: عبدالرحمن محمد عبده السلمي | D6: ذكر | E6: اليمن | F6: عربي | G6: 2278047721 | H6: 45367 | I6: 31189 | J6: =($H$1-I6)/365 -> 38.463014 | K6: مندوب مشتريات | L6: مندوب مشتريات | M6: 40165 | N6: 2 | O6: 42773 | P6: الرياض | Q6: جملة ريال البركة | R6: المشتريات | S6: دوام كامل | T6: 8 | V6: 45292 | X6: 07497058 | Y6: 45029 | Z6: 0534888345 | AB6: SA0810000028300000176502 | AC6: NCBK | AD6: 7014477116 | AE6: شركة ريال البركة للتجارة | AF6: جملة ريال البركة | AL6: على رأس العمل
A7: =ROW()-3 -> 4 | B7: 1003 | C7: سليم عبده علي الرعوي | D7: ذكر | E7: اليمن | F7: عربي | G7: 2258083357 | H7: 45428 | I7: 29587 | J7: =($H$1-I7)/365 -> 42.852055 | K7: مندوب مبيعات | L7: مشرف عام | M7: 40238 | N7: 2 | O7: 43259 | P7: الرياض | Q7: الإدارة | R7: المشتريات | S7: دوام كامل | T7: 8 | V7: 45444 | X7: 07496936 | Y7: 45029 | Z7: 0556069639 | AA7: salome109765@gmail.com | AB7: SA2510000037400000377404 | AC7: NCBK | AD7: 7014477116 | AE7: شركة ريال البركة للتجارة | AL7: على رأس العمل
A8: =ROW()-3 -> 5 | B8: 1004 | C8: مصطفى عبده علي صالح الرعوي | D8: ذكر | E8: اليمن | F8: عربي | G8: 2294076340 | H8: 45350 | I8: 29587 | J8: =($H$1-I8)/365 -> 42.852055 | K8: عامل مخزن | L8: مشرف أفرع | M8: 40337 | N8: 2 | O8: 40344 | P8: الرياض | Q8: جملة ريال البركة | R8: المشتريات | S8: دوام كامل | T8: 8 | V8: 45085 | X8: 03891773 | Y8: 46988 | Z8: 0504938015 | AA8: mustafa.riyal123@gmail.com | AB8: SA3510000028300000166510 | AC8: NCBK | AD8: 7014477116 | AE8: شركة ريال البركة للتجارة | AF8: جملة ريال البركة | AL8: على رأس العمل
A9: =ROW()-3 -> 6 | B9: 1005 | C9: عبدالسلام محمد سعيد ناجي | D9: ذكر | E9: اليمن | F9: عربي | G9: 2265219804 | H9: 45369 | I9: 31413 | J9: =($H$1-I9)/365 -> 37.849315 | K9: عامل تعبئة رفوف | L9: مشرف فرع | M9: 41244 | N9: 2 | O9: 44540 | P9: الرياض | Q9: فرع جده | R9: نقاط البيع | S9: دوام كامل | T9: 12 | V9: 44895 | X9: 06059233 | Y9: 46997 | Z9: 0556640381 | AA9: abdomohamed164@gmail.com | AB9: SA6710000028300000154003 | AC9: NCBK | AD9: 7009073037 | AE9: مؤسسة سلطان عبدالرحمن صالح الرزيحي للتجارة | AL9: على رأس العمل
A10: =ROW()-3 -> 7 | B10: 1006 | C10: بلال صالح حمود الفهد | D10: ذكر | E10: اليمن | F10: عربي | G10: 2259512115 | H10: 45249 | I10: 30682 | J10: =($H$1-I10)/365 -> 39.852055 | K10: عامل تعبئة رفوف | L10: مشرف فرع | M10: 41244 | N10: 2 | O10: 44635 | P10: الرياض | Q10: النسيم 2 | R10: نقاط البيع | S10: دوام كامل | T10: 12 | V10: 44895 | W10: 45014 | X10: 11308838 | Y10: 46910 | Z10: 0501647835 | AA10: belalalfahd285@gmail.com | AB10: SA0710000009800000191607 | AC10: NCBK | AD10: 7014477116 | AE10: شركة ريال البركة للتجارة | AF10: جملة ريال البركة | AL10: على رأس العمل
A11: =ROW()-3 -> 8 | B11: 1007 | C11: محمد عبدالدائم محمد عبدالرحمن | D11: ذكر | E11: اليمن | F11: عربي | G11: 2278571605 | H11: 45388 | I11: 31001 | J11: =($H$1-I11)/365 -> 38.978082 | K11: مندوب مبيعات | L11: مندوب مشتريات | M11: 41275 | N11: 2 | O11: 44663 | P11: الرياض | Q11: مستودع عكاظ 23 | R11: يعمل لحسابه | S11: دوام كامل | T11: 8 | V11: 44926 | X11: 09536880 | Y11: 46226 | Z11: 0567134029 | AC11: NCBK | AD11: 7014477116 | AE11: شركة ريال البركة للتجارة | AI11: المالك | AL11: على رأس العمل
A12: =ROW()-3 -> 9 | B12: 1008 | C12: فوزية هزال عيسى الهزال | D12: أنثى | E12: سعودي | F12: مواطن | G12: 1031868324 | I12: 24040 | J12: =($H$1-I12)/365 -> 58.049315 | K12: فني حسابات عام | L12: فني حسابات عام | M12: 41405 | N12: 2 | O12: 41405 | P12: الرياض | Q12: سعودة | R12: عمل عن بعد | S12: عن بعد | V12: 45056 | Z12: 0558077109 | AA12: noufsultan987@gmail.com | AB12: SA0480000195608010336522 | AC12: RJHI | AD12: 7014477116 | AE12: شركة ريال البركة للتجارة | AL12: على رأس العمل
A13: =ROW()-3 -> 10 | B13: 1009 | C13: اسد الزمان علي | D13: ذكر | E13: بنجلاديش | F13: غير عربي | G13: 2217477385 | H13: 45415 | I13: 23012 | J13: =($H$1-I13)/365 -> 60.865753 | K13: عامل تحميل وتنزيل | L13: عامل | M13: 41426 | N13: 2 | O13: 44783 | P13: الرياض | Q13: أونلاين | R13: نقاط البيع | S13: دوام كامل | T13: 8 | V13: 44926 | X13: EA0954167 | Y13: 45453 | Z13: 0573397800 | AB13: SA6880000537608016047187 | AC13: RJHI | AD13: 7014477116 | AE13: شركة ريال البركة للتجارة | AF13: جملة ريال البركة | AL13: على رأس العمل
A14: =ROW()-3 -> 11 | B14: 1010 | C14: تفضل ولي | D14: ذكر | E14: بنجلاديش | F14: غير عربي | G14: 2201478860 | H14: 45457 | I14: 24838 | J14: =($H$1-I14)/365 -> 55.863014 | K14: عامل تحميل وتنزيل | L14: عامل | M14: 41426 | N14: 2 | O14: 44626 | P14: الرياض | Q14: مستودع جملة سلطان والسويلم | R14: نقاط البيع | S14: دوام كامل | T14: 12 | V14: 44926 | X14: EA0957049 | Y14: 45483 | Z14: 0536523775 | AA14: zafor2220@gmail.com | AB14: SA3910000028300000148202 | AC14: NCBK | AD14: 7009073037 | AE14: مؤسسة سلطان عبدالرحمن صالح الرزيحي للتجارة | AF14: جملة سلطان | AL14: على رأس العمل
A15: =ROW()-3 -> 12 | B15: 1011 | C15: أيمن محمد فتحي خلف | D15: ذكر | E15: مصر | F15: عربي | G15: 2368855538 | H15: 45283 | I15: 32049 | J15: =($H$1-I15)/365 -> 36.106849 | K15: محاسب عام | L15: رئيس حسابات | M15: 45082 | N15: 2 | O15: 45185 | P15: الرياض | Q15: قضمة | R15: المالية | S15: تحت التجربة | T15: 8 | U15: 45082 | V15: 45447 | Z15: 0535124131 | AA15: aymanmorgan56@gmail.com | AB15: SA5030400108069269500011 | AC15: ANB | AD15: 7009073037 | AE15: مؤسسة سلطان عبدالرحمن صالح الرزيحي للتجارة | AL15: على رأس العمل
A16: =ROW()-3 -> 13 | B16: 1012 | C16: نوبي امير شيخ | D16: ذكر | E16: الهند | F16: غير عربي | G16: 2280543253 | H16: 45254 | I16: 29550 | J16: =($H$1-I16)/365 -> 42.953425 | K16: عامل تعبئة رفوف | L16: عامل | M16: 41975 | N16: 2 | O16: 44703 | P16: الدمام | Q16: العنود | R16: نقاط البيع | S16: دوام كامل | T16: 12 | V16: 44896 | X16: S1257358 | Y16: 46753 | Z16: 0503547269 | AB16: SA8010000028300000155903 | AC16: NCBK | AD16: 7014477116 | AE16: شركة ريال البركة للتجارة | AF16: جملة ريال البركة | AL16: على رأس العمل
A17: =ROW()-3 -> 14 | B17: 1013 | C17: منال سلطان عبدالرحمن الرزيحي | D17: أنثى | E17: سعودي | F17: مواطن | G17: 1092729258 | I17: 34878 | J17: =($H$1-I17)/365 -> 28.356164 | K17: مندوب مبيعات | L17: مندوب مبيعات | M17: 42036 | N17: 2 | O17: 42036 | P17: الرياض | Q17: سعودة | R17: عمل عن بعد | S17: عن بعد | V17: 44957 | Z17: 0500023185 | AB17: SA7480000195608010453699 | AC17: RJHI | AD17: 7014477116 | AE17: شركة ريال البركة للتجارة | AL17: على رأس العمل
A18: =ROW()-3 -> 15 | B18: 1014 | C18: منيره سلطان عبدالرحمن الرزيحي | D18: أنثى | E18: سعودي | F18: مواطن | G18: 1092729241 | I18: 34715 | J18: =($H$1-I18)/365 -> 28.80274 | K18: مندوب مبيعات | L18: مندوب مبيعات | M18: 42036 | N18: 2 | O18: 42036 | P18: الرياض | Q18: وكالة ممكن حلول | R18: التسويق | S18: دوام كامل | V18: 44957 | Z18: 0550332117 | AA18: munira.al-rezihi@hotmail.com | AB18: SA4110000074500002899007 | AC18: NCBK | AD18: 7014477116 | AE18: شركة ريال البركة للتجارة | AL18: على رأس العمل
A19: =ROW()-3 -> 16 | B19: 1015 | C19: عجيب بيلافي | D19: ذكر | E19: الهند | F19: غير عربي | G19: 2489500492 | H19: 45379 | I19: 36557 | J19: =($H$1-I19)/365 -> 23.756164 | K19: عامل تعبئة رفوف | L19: سائق دينا | M19: 42105 | N19: 2 | O19: 45173 | P19: الرياض | Q19: جملة ريال البركة | R19: نقاط البيع | S19: دوام كامل | T19: 8 | V19: 45026 | X19: T8662223 | Y19: 47420 | Z19: 0571201560 | AA19: ajeebajee603@gmail.com | AB19: SA5610000029600000504209 | AC19: NCBK | AD19: 7014477116 | AE19: شركة ريال البركة للتجارة | AF19: جملة ريال البركة | AL19: على رأس العمل
A20: =ROW()-3 -> 17 | B20: 1016 | C20: معشوق أحمد أنصاري | D20: ذكر | E20: هندي | F20: غير عربي | G20: 2393348749 | H20: 45394 | I20: 36587 | J20: =($H$1-I20)/365 -> 23.673973 | L20: سائق خاص | M20: 42105 | N20: 2 | P20: الرياض | Q20: جملة ريال البركة | R20: المنزل | S20: دوام كامل | V20: 45026 | Z20: 0540746137 | AB20: SA6080000537608016051114 | AC20: NCBK | AE20: سعد الرزيحي | AF20: جملة ريال البركة | AI20: المالك | AL20: على رأس العمل
A21: =ROW()-3 -> 18 | B21: 1017 | C21: جهانقير عبد الرزاق بادي | D21: ذكر | E21: بنجلاديش | F21: غير عربي | G21: 2249559515 | H21: 45285 | I21: 30531 | J21: =($H$1-I21)/365 -> 40.265753 | K21: عامل تعبئة رفوف | L21: عامل | M21: 41913 | N21: 2 | O21: 44368 | P21: الرياض | Q21: الدائري الغربي | R21: نقاط البيع | S21: دوام كامل | T21: 12 | V21: 45199 | X21: EF0750070 | Y21: 45726 | Z21: 0571842210 | AA21: jahangirpada12@gmail.com | AB21: SA6210000028300000153802 | AC21: NCBK | AD21: 7014477116 | AE21: شركة ريال البركة للتجارة | AF21: جملة ريال البركة | AL21: على رأس العمل
A22: =ROW()-3 -> 19 | B22: 1018 | C22: محمد عبدالله محمد الحبجي | D22: ذكر | E22: اليمن | F22: عربي | G22: 2465674733 | H22: 45315 | I22: 32509 | J22: =($H$1-I22)/365 -> 34.846575 | K22: مندوب مبيعات | L22: أمين صندوق | M22: 42401 | N22: 2 | O22: 44924 | P22: الرياض | Q22: الإدارة | R22: المالية | S22: دوام كامل | T22: 8 | V22: 44957 | X22: 10669885 | Y22: 46581 | Z22: 0556913618 | AA22: mohammed.alhmeikani.rb@gmail.com | AB22: SA7980000195608010695430 | AC22: RJHI | AD22: 7014477116 | AE22: شركة ريال البركة للتجارة | AL22: على رأس العمل
A23: =ROW()-3 -> 20 | B23: 1019 | C23: رؤوف انصاري سفيدة | D23: ذكر | E23: نيبال | F23: غير عربي | G23: 2341519797 | H23: 45240 | I23: 28942 | J23: =($H$1-I23)/365 -> 44.619178 | K23: عامل نظافة نوافذ | L23: عامل | M23: 42472 | N23: 2 | O23: 44703 | P23: الخرج | Q23: المصنع | R23: المناديل | S23: دوام كامل | T23: 12 | V23: 45027 | W23: 45144 | X23: 12268346 | Y23: 48031 | Z23: 0571940321 | AB23: SA9280000639608016086372 | AC23: RJHI | AD23: 7014477116 | AE23: شركة ريال البركة للتجارة | AF23: مصنع المناديل | AL23: على رأس العمل
A24: =ROW()-3 -> 21 | B24: 1020 | C24: محمد فاروق خليل | D24: ذكر | E24: الهند | F24: غير عربي | G24: 2419016353 | H24: 45483 | I24: 22860 | J24: =($H$1-I24)/365 -> 61.282192 | K24: سائق خاص | L24: عامل | M24: 42644 | N24: 2 | O24: 44765 | P24: الرياض | Q24: المصنع | R24: المناديل | S24: دوام كامل | T24: 8 | V24: 45199 | X24: S7706190 | Y24: 46956 | Z24: 0576933414 | AB24: SA9280000639608016086372 | AC24: RJHI | AD24: 1061419220 | AE24: عبدالرحمن سلطان الرزيحي | AG24: 45217 | AH24: تم انهاء خدماته | AL24: استبعاد نهائي
A25: =ROW()-3 -> 22 | B25: 1021 | C25: ياسر عبدالولي قايد الغابري | D25: ذكر | E25: اليمن | F25: عربي | G25: 2466030422 | H25: 45320 | I25: 33431 | J25: =($H$1-I25)/365 -> 32.320548 | K25: مندوب مبيعات | L25: مسؤول المتجر الإلكتروني | M25: 42675 | N25: 2 | O25: 44369 | P25: الرياض | Q25: وكالة ممكن حلول | R25: التجارة الإلكترونية | S25: دوام كامل | T25: 8 | V25: 44865 | X25: 08001001 | Y25: 45691 | Z25: 0509686482 | AA25: yasser4182@gmail.com | AB25: SA1880000195608010459654 | AC25: RJHI | AD25: 7014477116 | AE25: شركة ريال البركة للتجارة | AL25: على رأس العمل
A26: =ROW()-3 -> 23 | B26: 1022 | C26: عمر احمد علي الشامي | D26: ذكر | E26: اليمن | F26: عربي | G26: 2214431989 | H26: 45423 | I26: 29587 | J26: =($H$1-I26)/365 -> 42.852055 | K26: سائق شاحنة صغيرة | L26: أمين مستودع | M26: 42693 | N26: 2 | O26: 44693 | P26: الرياض | Q26: جملة ريال البركة | R26: نقاط البيع | S26: دوام كامل | T26: 8 | V26: 44883 | X26: 07289644 | Y26: 45255 | Z26: 0538003981 | AA26: alshamio907@gmail.com | AB26: SA7810000028300000176600 | AC26: NCBK | AD26: 7014477116 | AE26: شركة ريال البركة للتجارة | AF26: جملة ريال البركة | AL26: على رأس العمل
A27: =ROW()-3 -> 24 | B27: 1023 | C27: عبدالرحمن سلطان الرزيحي | D27: ذكر | E27: سعودي | F27: مواطن | G27: 1061419220 | I27: 32625 | J27: =($H$1-I27)/365 -> 34.528767 | L27: المدير العام | M27: 42705 | N27: 2 | O27: 42705 | P27: الرياض | Q27: الإدارة | R27: مجلس الإدارة | S27: دوام كامل | T27: 8 | V27: 44957 | Z27: 0597749776 | AA27: gm.riyal1@gmail.com | AB27: SA0680000640608010038368 | AC27: RJHI | AD27: 7014477116 | AE27: شركة ريال البركة للتجارة | AL27: على رأس العمل
A28: =ROW()-3 -> 25 | B28: 1024 | C28: إسماعيل دحدوح مياه | D28: ذكر | E28: بنجلاديش | F28: غير عربي | G28: 2184651574 | H28: 45373 | I28: 27760 | J28: =($H$1-I28)/365 -> 47.857534 | K28: عامل تحميل وتنزيل | L28: عامل | M28: 42725 | N28: 2 | O28: 44416 | P28: الرياض | Q28: جملة ريال البركة | R28: نقاط البيع | S28: دوام كامل | T28: 8 | V28: 44926 | X28: BQ0875119 | Y28: 46543 | Z28: 0552263817 | AB28: SA2210000028300000148605 | AC28: NCBK | AD28: 7014477116 | AE28: شركة ريال البركة للتجارة | AF28: جملة ريال البركة | AL28: على رأس العمل
A29: =ROW()-3 -> 26 | B29: 1025 | C29: فرهد حسين | D29: ذكر | E29: بنجلاديش | F29: غير عربي | G29: 2426108722 | H29: 45375 | I29: 34025 | J29: =($H$1-I29)/365 -> 30.693151 | K29: عامل تعبئة رفوف | L29: مشرف فرع | M29: 42736 | N29: 2 | O29: 42832 | P29: الرياض | Q29: الدائري الغربي | R29: نقاط البيع | S29: دوام كامل | T29: 12 | V29: 45077 | W29: 45043 | X29: EH0983921 | Y29: 46147 | Z29: 0578788036 | AA29: fh8262041@gmail.com | AB29: SA7530100942000097178330 | AC29: ARNB | AD29: 7014477116 | AE29: شركة ريال البركة للتجارة | AF29: جملة ريال البركة | AL29: على رأس العمل
A30: =ROW()-3 -> 27 | B30: 1026 | C30: أنور حسين | D30: ذكر | E30: بنجلاديش | F30: غير عربي | G30: 2425771561 | H30: 45380 | I30: 33270 | J30: =($H$1-I30)/365 -> 32.761644 | K30: عامل تعبئة رفوف | L30: عامل | M30: 42736 | N30: 2 | O30: 42744 | P30: الرياض | Q30: عنيزة | R30: نقاط البيع | S30: دوام كامل | T30: 12 | V30: 45077 | X30: EJ0522123 | Y30: 46269 | Z30: 0544326393 | AA30: baa461213@gmail.com | AB30: SA4010000028300000150803 | AC30: NCBK | AD30: 7014477116 | AE30: شركة ريال البركة للتجارة | AF30: جملة ريال البركة | AL30: على رأس العمل
A31: =ROW()-3 -> 28 | B31: 1027 | C31: محمد شيمون | D31: ذكر | E31: بنجلاديش | F31: غير عربي | G31: 2426599862 | H31: 45392 | I31: 34429 | J31: =($H$1-I31)/365 -> 29.586301 | K31: عامل تحميل وتنزيل | L31: عامل | M31: 42750 | N31: 2 | O31: 42832 | P31: الرياض | Q31: الدائري الغربي | R31: نقاط البيع | S31: دوام كامل | T31: 12 | V31: 45043 | W31: 45014 | X31: EL0008025 | Y31: 47043 | Z31: 0542327761 | AA31: md.sumon87726@gmail.com | AB31: SA0310000020100000425904 | AC31: NCBK | AD31: 7014477116 | AE31: شركة ريال البركة للتجارة | AF31: جملة ريال البركة | AL31: على رأس العمل
A32: =ROW()-3 -> 29 | B32: 1028 | C32: فاكي أحمد بري خان | D32: ذكر | E32: الهند | F32: غير عربي | G32: 2379964170 | H32: 45424 | I32: 30965 | J32: =($H$1-I32)/365 -> 39.076712 | K32: عامل تحميل وتنزيل | L32: عامل | M32: 42822 | N32: 2 | O32: 44706 | P32: الرياض | Q32: الدائري الغربي | R32: نقاط البيع | S32: دوام كامل | T32: 12 | V32: 45012 | W32: 45210 | X32: P1748466 | Y32: 46348 | Z32: 0548013957 | AA32: weekl14@gmail.com | AB32: SA5410000009800000192701 | AC32: NCBK | AD32: 7014477116 | AE32: شركة ريال البركة للتجارة | AF32: جملة ريال البركة | AL32: على رأس العمل
A33: =ROW()-3 -> 30 | B33: 1029 | C33: محمد رفيق الإسلام | D33: ذكر | E33: بنجلاديش | F33: غير عربي | G33: 2427581463 | H33: 45276 | I33: 32820 | J33: =($H$1-I33)/365 -> 33.994521 | K33: عامل تعبئة رفوف | L33: عامل | M33: 42856 | N33: 2 | O33: 44525 | P33: الخرج | Q33: غرناطة | R33: نقاط البيع | S33: دوام كامل | T33: 12 | V33: 45046 | W33: 44886 | X33: EH0105815 | Y33: 45958 | Z33: 0572457373 | AA33: ri7549484@gmail.com | AB33: SA5010000035700000038606 | AC33: NCBK | AD33: 7014477116 | AE33: شركة ريال البركة للتجارة | AF33: جملة ريال البركة | AL33: على رأس العمل
A34: =ROW()-3 -> 31 | B34: 1030 | C34: ميدى حسن | D34: ذكر | E34: بنجلاديش | F34: غير عربي | G34: 2429930478 | H34: 45357 | I34: 33290 | J34: =($H$1-I34)/365 -> 32.706849 | K34: عامل تعبئة رفوف | L34: عامل | M34: 42872 | N34: 2 | O34: 42941 | P34: الرياض | Q34: جملة ريال البركة | R34: نقاط البيع | S34: دوام كامل | T34: 8 | V34: 45428 | X34: EH0846338 | Y34: 46118 | Z34: 0571748299 | AB34: SA3410000009800000191509 | AC34: NCBK | AD34: 7014477116 | AE34: شركة ريال البركة للتجارة | AF34: جملة ريال البركة | AL34: على رأس العمل
A35: =ROW()-3 -> 32 | B35: 1031 | C35: أبو بكر عبد اللطيف | D35: ذكر | E35: بنجلاديش | F35: غير عربي | G35: 2434409518 | H35: 45272 | I35: 32599 | J35: =($H$1-I35)/365 -> 34.6 | K35: عامل تعبئة رفوف | L35: عامل | M35: 42933 | N35: 2 | O35: 44638 | P35: الرياض | Q35: الشفا | R35: نقاط البيع | S35: دوام كامل | T35: 12 | V35: 45093 | W35: 45013 | X35: EA0948816 | Y35: 45483 | Z35: 0560530376 | AB35: SA3680000195608010459621 | AC35: RJHI | AD35: 7015572543 | AE35: مؤسسة عبدالرحمن سلطان عبدالرحمن الرزيحي للتجارة | AF35: جملة ريال البركة | AL35: على رأس العمل
A36: =ROW()-3 -> 33 | B36: 1032 | C36: حمزه الاحمر | D36: ذكر | E36: سوريا | F36: عربي | G36: 2088386467 | H36: 45365 | I36: 29587 | J36: =($H$1-I36)/365 -> 42.852055 | K36: مندوب مبيعات | L36: مندوب مبيعات | M36: 42933 | N36: 2 | O36: 43771 | P36: الرياض | Q36: مستودع جملة سلطان والسويلم | R36: نقاط البيع | S36: دوام كامل | T36: 8 | V36: 45093 | X36: N013347938 | Y36: 45782 | Z36: 0533563369 | AB36: SA3910000004000000017109 | AC36: NCBK | AD36: 7014477116 | AE36: شركة ريال البركة للتجارة | AF36: جملة سلطان | AL36: على رأس العمل
A37: =ROW()-3 -> 34 | B37: 1033 | C37: محمد بارفيج محمد أكتير | D37: ذكر | E37: بنجلاديش | F37: غير عربي | G37: 2442201907 | H37: 45513 | I37: 34840 | J37: =($H$1-I37)/365 -> 28.460274 | K37: سائق خاص | L37: عامل | M37: 42948 | N37: 2 | P37: الرياض | Q37: جملة ريال البركة | R37: نقاط البيع | S37: كفالة شخصية | V37: 45169 | X37: EJ0281433 | Y37: 46189 | Z37: 0573284902 | AB37: SA9210000028300000148703 | AC37: NCBK | AD37: 1061419220 | AE37: عبدالرحمن سلطان الرزيحي | AF37: جملة ريال البركة | AL37: على رأس العمل
A38: =ROW()-3 -> 35 | B38: 1034 | C38: مد ميلون باطوري | D38: ذكر | E38: بنجلاديش | F38: غير عربي | G38: 2439079886 | H38: 45386 | I38: 34699 | J38: =($H$1-I38)/365 -> 28.846575 | K38: عامل تحميل وتنزيل | L38: سائق توصيل طلبات | M38: 42956 | N38: 2 | O38: 44417 | P38: الرياض | Q38: أونلاين | R38: نقاط البيع | S38: دوام كامل | T38: 8 | V38: 45146 | X38: A01780927 | Y38: 48096 | Z38: 0559331046 | AA38: milompatwary@gmail.com | AB38: SA5480000355608019366179 | AC38: RJHI | AD38: 7014477116 | AE38: شركة ريال البركة للتجارة | AF38: جملة ريال البركة | AL38: على رأس العمل
A39: =ROW()-3 -> 36 | B39: 1035 | C39: شاهين هولدير | D39: ذكر | E39: بنجلاديش | F39: غير عربي | G39: 2348234200 | H39: 45256 | I39: 32178 | J39: =($H$1-I39)/365 -> 35.753425 | K39: عامل تعبئة رفوف | L39: عامل | M39: 42914 | N39: 2 | O39: 43841 | P39: القصيم | Q39: بريدة | R39: نقاط البيع | S39: دوام كامل | T39: 12 | V39: 45104 | X39: EG0940110 | Y39: 45929 | Z39: 0573473765 | AA39: shahin09877@gmail.com | AB39: SA5510000028300000151309 | AC39: NCBK | AD39: 7014477116 | AE39: شركة ريال البركة للتجارة | AF39: جملة ريال البركة | AH39: أجازه سنوية | AL39: على رأس العمل
A40: =ROW()-3 -> 37 | B40: 1036 | C40: عارف نور الإسلام | D40: ذكر | E40: بنجلاديش | F40: غير عربي | G40: 2436104687 | H40: 45381 | I40: 33239 | J40: =($H$1-I40)/365 -> 32.846575 | K40: عامل تحميل وتنزيل | L40: عامل | M40: 42997 | N40: 2 | O40: 45164 | P40: الدمام | Q40: العنود | R40: نقاط البيع | S40: دوام كامل | T40: 12 | V40: 44822 | X40: EH0001454 | Y40: 45936 | Z40: 0550301681 | AB40: SA7710000009800000191705 | AC40: NCBK | AD40: 7014477116 | AE40: شركة ريال البركة للتجارة | AF40: جملة ريال البركة | AL40: على رأس العمل
A41: =ROW()-3 -> 38 | B41: 1037 | C41: نوف عبدالرحمن صالح الرزيحي | D41: أنثى | E41: سعودي | F41: مواطن | G41: 1060845557 | I41: 28647 | J41: =($H$1-I41)/365 -> 45.427397 | K41: مندوب مبيعات | L41: مندوب مبيعات | M41: 43018 | N41: 2 | O41: 43018 | P41: الرياض | Q41: سعودة | R41: عمل عن بعد | S41: عن بعد | V41: 44843 | Z41: 0506101789 | AB41: SA1680000369608010975469 | AC41: RJHI | AD41: 7014477116 | AE41: شركة ريال البركة للتجارة | AL41: على رأس العمل
A42: =ROW()-3 -> 39 | B42: 1038 | C42: محمد عارف حسين | D42: ذكر | E42: بنجلاديش | F42: غير عربي | G42: 2439069309 | H42: 45331 | I42: 31329 | J42: =($H$1-I42)/365 -> 38.079452 | K42: عامل تعبئة رفوف | L42: عامل | M42: 43067 | N42: 2 | O42: 44819 | P42: الرياض | Q42: غرناطة | R42: نقاط البيع | S42: دوام كامل | T42: 12 | V42: 44892 | W42: 44819 | X42: EJ0408183 | Y42: 46250 | Z42: 0577218214 | AA42: ha1985443@gmail.com | AB42: SA2230100942000143231101 | AC42: ARNB | AD42: 7014477116 | AE42: شركة ريال البركة للتجارة | AF42: جملة ريال البركة | AL42: على رأس العمل
A43: =ROW()-3 -> 40 | B43: 1039 | C43: يحي صالح سالم شامس | D43: ذكر | E43: اليمن | F43: عربي | G43: 2178279747 | H43: 45456 | I43: 24199 | J43: =($H$1-I43)/365 -> 57.613699 | K43: سائق شاحنة صغيرة | L43: سائق دينا | M43: 43069 | N43: 2 | O43: 44457 | P43: الرياض | Q43: جملة ريال البركة | R43: نقاط البيع | S43: دوام كامل | T43: 8 | V43: 44894 | X43: 09923857 | Y43: 46568 | Z43: 0509992481 | AB43: SA6210000018047104007903 | AC43: NCBK | AD43: 7014477116 | AE43: شركة ريال البركة للتجارة | AF43: جملة ريال البركة | AL43: على رأس العمل
A44: =ROW()-3 -> 41 | B44: 1040 | C44: فاطمه محمد عبدالعزيز الشليل | D44: أنثى | E44: سعودي | F44: مواطن | G44: 1085931283 | I44: 32741 | J44: =($H$1-I44)/365 -> 34.210959 | K44: مندوب مبيعات | L44: مندوب مبيعات | M44: 43079 | N44: 2 | O44: 43079 | P44: الرياض | Q44: سعودة | R44: عمل عن بعد | S44: عن بعد | V44: 44904 | Z44: 0555730473 | AA44: fatimah.alshulyl@gmail.com | AB44: SA82550000000A6257000127 | AC44: BSFR | AD44: 7014477116 | AE44: شركة ريال البركة للتجارة | AL44: على رأس العمل
A45: =ROW()-3 -> 42 | B45: 1041 | C45: محمد عارف الإسلام | D45: ذكر | E45: بنجلاديش | F45: غير عربي | G45: 2415090105 | H45: 45435 | I45: 34178 | J45: =($H$1-I45)/365 -> 30.273973 | K45: سائق شاحنة صغيرة | L45: سائق دينا | M45: 43082 | N45: 2 | O45: 44829 | P45: الرياض | Q45: فرع جده | R45: نقاط البيع | S45: دوام كامل | T45: 8 | V45: 44907 | X45: EH0143474 | Y45: 45965 | Z45: 0503547269 | AA45: Ajeeb787898ajs@gmail.com | AB45: SA1810000024300000749307 | AC45: NCBK | AD45: 7014477116 | AE45: شركة ريال البركة للتجارة | AL45: على رأس العمل
A46: =ROW()-3 -> 43 | B46: 1042 | C46: هياء سليمان صالح المريشد | D46: أنثى | E46: سعودي | F46: مواطن | G46: 1072033960 | I46: 33366 | J46: =($H$1-I46)/365 -> 32.49863 | K46: مندوب مبيعات | L46: مندوب مبيعات | M46: 43131 | N46: 2 | O46: 43131 | P46: الرياض | Q46: سعودة | R46: عمل عن بعد | S46: عن بعد | V46: 44956 | Z46: 0544431868 | AB46: SA8760000000302154682001 | AC46: BJAZ | AD46: 7014477116 | AE46: شركة ريال البركة للتجارة | AL46: على رأس العمل
A47: =ROW()-3 -> 44 | B47: 1043 | C47: عهود سعد محمد دهمش | D47: أنثى | E47: سعودي | F47: مواطن | G47: 1043624756 | I47: 26876 | J47: =($H$1-I47)/365 -> 50.279452 | K47: مندوب مبيعات | L47: مندوب مبيعات | M47: 43135 | N47: 2 | O47: 43135 | P47: الرياض | Q47: وكالة ممكن حلول | R47: التسويق | S47: عن بعد | V47: 44960 | Z47: 0582680992 | AA47: AhoudSaad52@gmail.com | AB47: SA0780000282608016086158 | AC47: RJHI | AD47: 7014477116 | AE47: شركة ريال البركة للتجارة | AL47: على رأس العمل
A48: =ROW()-3 -> 45 | B48: 1044 | C48: محمد علي فورازي | D48: ذكر | E48: بنجلاديش | F48: غير عربي | G48: 2429704196 | H48: 45270 | I48: 32905 | J48: =($H$1-I48)/365 -> 33.761644 | K48: عامل تحميل وتنزيل | L48: عامل | M48: 42808 | N48: 2 | O48: 44653 | P48: الرياض | Q48: الرس | R48: نقاط البيع | S48: دوام كامل | T48: 12 | V48: 44999 | W48: 45015 | X48: BY0960320 | Y48: 45348 | Z48: 0573357851 | AA48: mdalihossain19931@gmail.com | AB48: SA5730100942000143235806 | AC48: ARNB | AD48: 7014477116 | AE48: شركة ريال البركة للتجارة | AF48: جملة ريال البركة | AL48: على رأس العمل
A49: =ROW()-3 -> 46 | B49: 1045 | C49: لمياء سليمان صالح المريشد | D49: أنثى | E49: سعودي | F49: مواطن | G49: 1088719834 | I49: 35031 | J49: =($H$1-I49)/365 -> 27.936986 | K49: مندوب مبيعات | L49: مندوب مبيعات | M49: 43209 | N49: 2 | O49: 43209 | P49: الرياض | Q49: وكالة ممكن حلول | R49: عمل عن بعد | S49: عن بعد | V49: 45034 | Z49: 0597749772 | AB49: SA6280000369608010459183 | AC49: RJHI | AD49: 7009073037 | AE49: مؤسسة سلطان عبدالرحمن صالح الرزيحي للتجارة | AL49: على رأس العمل
A50: =ROW()-3 -> 47 | B50: 1046 | C50: سليمان صالح سليمان المريشد | D50: ذكر | E50: سعودي | F50: مواطن | G50: 1005114796 | I50: 24040 | J50: =($H$1-I50)/365 -> 58.049315 | K50: مدير علاقات عامة | L50: مدير علاقات عامة | M50: 43282 | N50: 2 | O50: 43282 | P50: الرياض | Q50: سعودة | R50: عمل عن بعد | S50: عن بعد | V50: 45107 | Z50: 0552366366 | AA50: fawaz.s.1413@gmail.com | AB50: SA1310000022051194000102 | AC50: NCBK | AD50: 7014477116 | AE50: شركة ريال البركة للتجارة | AL50: على رأس العمل
A51: =ROW()-3 -> 48 | B51: 1047 | C51: هشام عثمان موسى احمد | D51: ذكر | E51: السودان | F51: عربي | G51: 2435149386 | H51: 45451 | I51: 35065 | J51: =($H$1-I51)/365 -> 27.843836 | K51: عامل مخزن | L51: مدخل بيانات | M51: 43349 | N51: 2 | O51: 43260 | P51: الرياض | Q51: جملة ريال البركة | R51: نقاط البيع | S51: دوام كامل | T51: 8 | V51: 44809 | X51: P08720886 | Y51: 48173 | Z51: 0550529514 | AB51: SA7110000029600000178310 | AC51: NCBK | AD51: 7014477116 | AE51: شركة ريال البركة للتجارة | AF51: جملة ريال البركة | AL51: على رأس العمل
A52: =ROW()-3 -> 49 | B52: 1048 | C52: محمد شؤيف حسين | D52: ذكر | E52: بنجلاديش | F52: غير عربي | G52: 2440102875 | H52: 45387 | I52: 35156 | J52: =($H$1-I52)/365 -> 27.594521 | K52: عامل تعبئة رفوف | L52: عامل | M52: 43352 | N52: 2 | O52: 43352 | P52: الدمام | Q52: العنود | R52: نقاط البيع | S52: دوام كامل | T52: 12 | V52: 44812 | X52: EH0264506 | Y52: 45991 | Z52: 500481891 | AB52: SA3910000029800000456005 | AC52: NCBK | AD52: 7014477116 | AE52: شركة ريال البركة للتجارة | AF52: جملة ريال البركة | AL52: على رأس العمل
A53: =ROW()-3 -> 50 | B53: 1049 | C53: محمد شجون | D53: ذكر | E53: بنجلاديش | F53: غير عربي | G53: 2443897380 | H53: 45274 | I53: 33666 | J53: =($H$1-I53)/365 -> 31.676712 | K53: نادل | L53: كابتن صالة | M53: 43358 | N53: 2 | O53: 43358 | P53: الخرج | Q53: هاينس | R53: ويتر | S53: دوام كامل | T53: 12 | V53: 44818 | W53: 45044 | X53: EJ0951406 | Y53: 46353 | Z53: 572668082 | AB53: SA2710000028900000535709 | AC53: NCBK | AD53: 7014477116 | AE53: شركة ريال البركة للتجارة | AF53: دن | AL53: على رأس العمل
A54: =ROW()-3 -> 51 | B54: 1050 | C54: محمد عطية سعد | D54: ذكر | E54: مصر | G54: 2227227549 | L54: محاسب عام | M54: 43374 | N54: 2 | O54: 44660 | P54: الرياض | Q54: الإدارة | S54: دوام جزئي | T54: 4 | V54: 44834 | Z54: 509995680 | AB54: SA3580000126608010373461 | AC54: RJHI | AH54: استقالة | AL54: استبعاد نهائي
A55: =ROW()-3 -> 52 | B55: 1051 | C55: مشعل حسن صالح القحطاني | D55: ذكر | E55: سعودي | G55: 1123517557 | L55: شريك | M55: 43382 | N55: 2 | P55: الرياض | Q55: المصيف | R55: شريك | S55: شريك | V55: 44842 | Z55: 506764083 | AE55: شريك | AG55: 45010 | AH55: تم انهاء خدماته | AL55: استبعاد نهائي
A56: =ROW()-3 -> 53 | B56: 1052 | C56: محمد يحي محسن عميسان | D56: ذكر | E56: اليمن | F56: عربي | G56: 2213474048 | H56: 45518 | L56: شريك | M56: 43382 | N56: 2 | P56: الرياض | Q56: الإدارة | R56: شريك | S56: شريك | Z56: 0507563883 | AA56: Myz608010@gmail.com | AD56: 7034664628 | AE56: شركة عبدالرحمن الرزيحي التجارية | AL56: على رأس العمل
A57: =ROW()-3 -> 54 | B57: 1053 | C57: بشاير خليل أحمد العنزي | D57: أنثى | E57: سعودي | F57: مواطن | G57: 1086719836 | I57: 34864 | J57: =($H$1-I57)/365 -> 28.394521 | K57: أمين صندوق | L57: مدير فرع | M57: 43390 | N57: 2 | O57: 44977 | P57: الرياض | Q57: الدائري الغربي | R57: نقاط البيع | S57: دوام كامل | T57: 8 | V57: 44850 | W57: 45047 | Z57: 506330351 | AA57: bshayer.34515@gmail.com | AB57: SA7180000475608013652587 | AC57: RJHI | AD57: 7014477116 | AE57: شركة ريال البركة للتجارة | AG57: 45197 | AH57: استقالة | AL57: على رأس العمل
A58: =ROW()-3 -> 55 | B58: 1054 | C58: نبيل محمد علي السلمي | D58: ذكر | E58: اليمن | F58: عربي | G58: 2381616388 | H58: 45378 | I58: 29955 | J58: =($H$1-I58)/365 -> 41.843836 | K58: عامل تعبئة رفوف | L58: مشرف فرع | M58: 43390 | N58: 2 | O58: 44284 | P58: الدمام | Q58: العنود | R58: نقاط البيع | S58: دوام كامل | T58: 12 | V58: 44850 | X58: 11563751 | Y58: 46937 | Z58: 508467970 | AB58: SA3810000028900000665103 | AC58: NCBK | AD58: 7014477116 | AE58: شركة ريال البركة للتجارة | AF58: جملة ريال البركة | AL58: على رأس العمل
A59: =ROW()-3 -> 56 | B59: 1055 | C59: محضار عبدالله حسين السيد | D59: ذكر | E59: اليمن | F59: عربي | G59: 2271066652 | H59: 45360 | I59: 32143 | J59: =($H$1-I59)/365 -> 35.849315 | K59: مندوب مبيعات | L59: مندوب مشتريات | M59: 43391 | N59: 2 | O59: 41750 | P59: الرياض | Q59: جملة ريال البركة | R59: نقاط البيع | S59: دوام كامل | T59: 8 | V59: 44851 | X59: 10644758 | Y59: 46510 | Z59: 533512860 | AA59: mhdar774@gmail.com | AB59: SA5810000035600001058907 | AC59: NCBK | AD59: 7014477116 | AE59: شركة ريال البركة للتجارة | AF59: جملة ريال البركة | AL59: على رأس العمل
A60: =ROW()-3 -> 57 | B60: 1056 | C60: جمال علي فرحان الفنيني | D60: ذكر | E60: اليمن | F60: عربي | G60: 2233369574 | H60: 45322 | I60: 28126 | J60: =($H$1-I60)/365 -> 46.854795 | K60: سائق شاحنة صغيرة | L60: سائق دينا | M60: 43399 | N60: 2 | O60: 44256 | P60: الرياض | Q60: جملة ريال البركة | R60: نقاط البيع | S60: دوام كامل | T60: 8 | V60: 44859 | X60: 10088103 | Y60: 46378 | Z60: 554254792 | AB60: SA8410000009685705000108 | AC60: NCBK | AD60: 7014477116 | AE60: شركة ريال البركة للتجارة | AF60: جملة ريال البركة | AL60: على رأس العمل
A61: =ROW()-3 -> 58 | B61: 1057 | C61: أكرم ال حقي | D61: ذكر | E61: بنجلاديش | F61: غير عربي | G61: 2415874664 | H61: 45399 | I61: 34042 | J61: =($H$1-I61)/365 -> 30.646575 | K61: عامل | L61: عامل | M61: 43435 | N61: 2 | O61: 44526 | P61: الرياض | Q61: المصيف | R61: نقاط البيع | S61: دوام كامل | T61: 12 | V61: 44895 | X61: EH0077915 | Y61: 45949 | Z61: 571503918 | AA61: akramulhoque3918@gmail.com | AB61: SA3980000530608016266115 | AC61: RJHI | AD61: 7004853987 | AE61: مؤسسة زاوية ريال بركة للكماليات | AF61: جملة ريال البركة | AL61: على رأس العمل
A62: =ROW()-3 -> 59 | B62: 1058 | C62: ألمغير حسين | D62: ذكر | E62: بنجلاديش | F62: غير عربي | G62: 2428739169 | H62: 45320 | I62: 29256 | J62: =($H$1-I62)/365 -> 43.758904 | K62: عامل | L62: عامل | M62: 43435 | N62: 2 | O62: 44478 | P62: الرياض | Q62: اليرموك | R62: نقاط البيع | S62: دوام كامل | T62: 12 | V62: 44895 | X62: BT0137955 | Y62: 45004 | Z62: 571230270 | AB62: SA2910000028600000641709 | AC62: NCBK | AD62: 7004853987 | AE62: مؤسسة زاوية ريال بركة للكماليات | AF62: جملة ريال البركة | AL62: على رأس العمل
A63: =ROW()-3 -> 60 | B63: 1059 | C63: رامجان علي صديقي | D63: ذكر | E63: بنجلاديش | F63: غير عربي | G63: 2431488325 | H63: 45285 | I63: 28217 | J63: =($H$1-I63)/365 -> 46.605479 | K63: عامل عادي | L63: عامل | M63: 43435 | N63: 2 | O63: 44491 | P63: الرياض | Q63: المصيف | R63: نقاط البيع | S63: دوام كامل | T63: 12 | V63: 44895 | X63: 07588811 | Y63: 46061 | Z63: 563038199 | AA63: ramegenramegen@gmail.com | AB63: SA6480000640608018692828 | AC63: RJHI | AD63: 7004853987 | AE63: مؤسسة زاوية ريال بركة للكماليات | AF63: جملة ريال البركة | AL63: على رأس العمل
A64: =ROW()-3 -> 61 | B64: 1060 | C64: عبدالرحمن علي حسين قرانه | D64: ذكر | E64: اليمن | F64: عربي | G64: 2448299566 | H64: 45358 | I64: 35008 | J64: =($H$1-I64)/365 -> 28 | K64: عامل عادي | L64: عامل | M64: 43435 | N64: 2 | O64: 44463 | P64: الرياض | Q64: المصيف | R64: نقاط البيع | S64: دوام كامل | T64: 12 | V64: 44895 | X64: 07588814 | Y64: 45209 | Z64: 538334278 | AA64: lyb07980@gmai.com | AB64: SA5380000602608016042170 | AC64: RJHI | AD64: 7004853987 | AE64: مؤسسة زاوية ريال بركة للكماليات | AF64: جملة ريال البركة | AL64: على رأس العمل
A65: =ROW()-3 -> 62 | B65: 1061 | C65: ماجد محمد يحيى السودي | D65: ذكر | E65: اليمن | F65: عربي | G65: 2351495946 | H65: 45312 | I65: 30317 | J65: =($H$1-I65)/365 -> 40.852055 | K65: عامل | L65: مشرف فرع | M65: 43435 | N65: 2 | O65: 44212 | P65: الرياض | Q65: اليرموك | R65: نقاط البيع | S65: دوام كامل | T65: 12 | V65: 44895 | X65: 10658796 | Y65: 46557 | Z65: 532811709 | AA65: majdabwhsam681@gmail.com | AB65: SA7680000530608016129164 | AC65: RJHI | AD65: 7004853987 | AE65: مؤسسة زاوية ريال بركة للكماليات | AF65: جملة ريال البركة | AH65: أجازه سنوية | AL65: على رأس العمل
A66: =ROW()-3 -> 63 | B66: 1062 | C66: مراد علي حسن قرانه | D66: ذكر | E66: اليمن | F66: عربي | G66: 2444716852 | H66: 45300 | I66: 33604 | J66: =($H$1-I66)/365 -> 31.846575 | K66: عامل تعبئة رفوف | L66: مشرف فرع | M66: 43279 | N66: 2 | P66: القصيم | Q66: الإدارة | R66: الاشراف | S66: دوام كامل | T66: 12 | V66: 45104 | X66: 06860118 | Y66: 46882 | Z66: 550392145 | AB66: SA8780000275608010154779 | AC66: RJHI | AD66: 7004853987 | AE66: مؤسسة زاوية ريال بركة للكماليات | AL66: على رأس العمل
A67: =ROW()-3 -> 64 | B67: 1063 | C67: جميل علي حسن عبدالله | D67: ذكر | E67: اليمن | F67: عربي | G67: 2177037914 | H67: 45326 | I67: 26323 | J67: =($H$1-I67)/365 -> 51.794521 | K67: سائق شاحنة صغيرة | L67: سائق دينا | M67: 43405 | N67: 2 | O67: 44263 | P67: الرياض | Q67: جملة ريال البركة | R67: نقاط البيع | S67: دوام كامل | T67: 8 | V67: 44865 | X67: 11309039 | Y67: 46910 | Z67: 501205208 | AB67: SA9310000035649736000100 | AC67: NCBK | AD67: 7014477116 | AE67: شركة ريال البركة للتجارة | AF67: جملة ريال البركة | AL67: اجازة
A68: =ROW()-3 -> 65 | B68: 1064 | C68: معين الدين وحيد | D68: ذكر | E68: بنجلاديش | F68: غير عربي | G68: 2445662816 | H68: 45265 | I68: 32670 | J68: =($H$1-I68)/365 -> 34.405479 | K68: عامل نظافة نوافذ | L68: مندوب مشتريات | M68: 43282 | N68: 2 | O68: 44705 | P68: الرياض | Q68: قضمة | R68: المشتريات | S68: دوام كامل | T68: 8 | V68: 45107 | W68: 45014 | X68: EJ0757957 | Y68: 46308 | Z68: 0568016237 | AA68: Mhkmiunddin33@gmail.com | AB68: SA5220000009325109169940 | AC68: RIBL | AD68: 7009073037 | AE68: مؤسسة سلطان عبدالرحمن صالح الرزيحي للتجارة | AL68: على رأس العمل
A69: =ROW()-3 -> 66 | B69: 1065 | C69: عمر محمد عبده علي السلمي | D69: ذكر | E69: اليمن | F69: عربي | G69: 2464009899 | H69: 45359 | I69: 34559 | J69: =($H$1-I69)/365 -> 29.230137 | K69: عامل تعبئة رفوف | L69: مشرف فرع | M69: 43474 | N69: 2 | O69: 44476 | P69: الرياض | Q69: الشفا | R69: نقاط البيع | S69: دوام كامل | T69: 12 | V69: 45085 | W69: 44863 | X69: 8061756 | Y69: 45391 | Z69: 554084106 | AA69: Omaralsulami1992@gmail.com | AB69: SA3610000011100077119101 | AC69: NCBK | AD69: 7015572543 | AE69: مؤسسة عبدالرحمن سلطان عبدالرحمن الرزيحي للتجارة | AF69: جملة ريال البركة | AL69: على رأس العمل
A70: =ROW()-3 -> 67 | B70: 1066 | C70: محمد عبدالله حسين محمد السيد | D70: ذكر | E70: اليمن | F70: عربي | G70: 2469385732 | H70: 45353 | I70: 34101 | J70: =($H$1-I70)/365 -> 30.484932 | K70: عامل تحميل وتنزيل | L70: عامل | M70: 43476 | N70: 2 | O70: 44510 | P70: الرياض | Q70: جملة ريال البركة | R70: نقاط البيع | S70: دوام كامل | T70: 8 | V70: 45087 | X70: 7868180 | Y70: 45600 | Z70: 540767897 | AB70: SA4910000011100072684706 | AC70: NCBK | AD70: 7015572543 | AE70: مؤسسة عبدالرحمن سلطان عبدالرحمن الرزيحي للتجارة | AF70: جملة ريال البركة | AH70: اجازة طارئة | AL70: على رأس العمل
A71: =ROW()-3 -> 68 | B71: 1067 | C71: شوقي النور مصطفي أحمد | D71: ذكر | E71: السودان | F71: عربي | G71: 2463326849 | H71: 45343 | I71: 29952 | J71: =($H$1-I71)/365 -> 41.852055 | K71: عامل تحميل وتنزيل | L71: عامل | M71: 43506 | N71: 2 | P71: الرياض | Q71: مستودع جملة سلطان والسويلم | R71: نقاط البيع | S71: دوام كامل | V71: 44966 | X71: P05265195 | Y71: 45257 | Z71: 0551872184 | AA71: shaweialnoor@gmail.com | AB71: SA5410000035600001028909 | AC71: NCBK | AD71: 7009073037 | AE71: مؤسسة سلطان عبدالرحمن صالح الرزيحي للتجارة | AF71: جملة سلطان | AL71: على رأس العمل
A72: =ROW()-3 -> 69 | B72: 1068 | C72: تهاني محمد محسن السهلي | D72: أنثى | E72: سعودي | F72: مواطن | G72: 1068412897 | I72: 28713 | J72: =($H$1-I72)/365 -> 45.246575 | K72: أمين صندوق | L72: كاشير | M72: 43525 | N72: 2 | O72: -619764 | P72: الرياض | Q72: الدائري الغربي | R72: نقاط البيع | S72: دوام كامل | T72: 8 | V72: 44985 | W72: 45155 | Z72: 557138147 | AA72: ttahani2022@icloud.com | AB72: SA6115000432130926510004 | AC72: ALBI | AD72: 7014477116 | AE72: شركة ريال البركة للتجارة | AF72: جملة ريال البركة | AL72: على رأس العمل
A73: =ROW()-3 -> 70 | B73: 1069 | C73: هشام مقبل عبده علي السلمي | D73: ذكر | E73: اليمن | F73: عربي | G73: 2315332334 | H73: 45371 | I73: 32674 | J73: =($H$1-I73)/365 -> 34.394521 | K73: بائع | L73: مشرف فرع | M73: 43535 | N73: 2 | O73: 43535 | P73: الرياض | Q73: الإدارة | R73: نقاط البيع | S73: دوام كامل | T73: 12 | V73: 44995 | X73: 7610150 | Y73: 45245 | Z73: 538878300 | AA73: hisham78300@gmail.com | AB73: SA5610000011100069346907 | AC73: NCBK | AD73: 7015572543 | AE73: مؤسسة عبدالرحمن سلطان عبدالرحمن الرزيحي للتجارة | AL73: على رأس العمل
A74: =ROW()-3 -> 71 | B74: 1070 | C74: مطيع صالح حمود قايد الفهد | D74: ذكر | E74: اليمن | F74: عربي | G74: 2297145332 | H74: 45420 | I74: 32143 | J74: =($H$1-I74)/365 -> 35.849315 | K74: مساعد بائع | L74: عامل | M74: 43587 | N74: 2 | O74: 45210 | P74: الخرج | Q74: المصنع | R74: نقاط البيع | S74: دوام كامل | T74: 8 | V74: 44986 | X74: 11308836 | Y74: 46910 | Z74: 0509096708 | AB74: SA9810000009800000205004 | AC74: NCBK | AD74: 7021202564 | AE74: مصنع سلطان الرزيحي للمنتجات الورقية | AF74: مصنع المناديل | AL74: اجازة
A75: =ROW()-3 -> 72 | B75: 1071 | C75: أحمد أحمد عبدالله أحمد قرانه | D75: ذكر | E75: اليمن | F75: عربي | G75: 2444717033 | H75: 45390 | I75: 32874 | J75: =($H$1-I75)/365 -> 33.846575 | K75: عامل عادي | L75: عامل | M75: 43647 | N75: 2 | O75: 44631 | P75: الرياض | Q75: اليرموك | R75: نقاط البيع | S75: دوام كامل | T75: 12 | V75: 45107 | X75: 11596069 | Y75: 47024 | Z75: 576839077 | AA75: ahmdb4332@gmail.com | AB75: SA2410000051200000164302 | AC75: NCBK | AD75: 7004853987 | AE75: مؤسسة زاوية ريال بركة للكماليات | AF75: جملة ريال البركة | AL75: على رأس العمل
A76: =ROW()-3 -> 73 | B76: 1072 | C76: محمد أحمد محمد عبد القوي الزيادي | D76: ذكر | E76: اليمن | F76: عربي | G76: 2294959602 | H76: 45440 | I76: 32143 | J76: =($H$1-I76)/365 -> 35.849315 | K76: عامل | L76: مشرف فرع | M76: 43709 | N76: 2 | O76: 44259 | P76: الرياض | Q76: حائل | R76: نقاط البيع | S76: دوام كامل | T76: 12 | V76: 45169 | X76: 3909039 | Y76: 46959 | Z76: 538678602 | AA76: mohame565@gmail.com | AD76: 7004853987 | AE76: مؤسسة زاوية ريال بركة للكماليات | AL76: على رأس العمل
A77: =ROW()-3 -> 74 | B77: 1073 | C77: محمد عباس علي | D77: ذكر | E77: بنجلاديش | F77: غير عربي | G77: 2434158859 | H77: 45348 | I77: 32056 | J77: =($H$1-I77)/365 -> 36.087671 | K77: عامل تعبئة رفوف | M77: 43723 | N77: 2 | O77: 45136 | P77: الرياض | Q77: النسيم 2 | R77: نقاط البيع | S77: دوام كامل | Z77: 547683205 | AA77: abbasali1989ab@gmail.com | AB77: SA4610000035600000655506 | AC77: NCBK | AD77: 7014477116 | AE77: شركة ريال البركة للتجارة | AF77: جملة ريال البركة | AL77: على رأس العمل
A78: =ROW()-3 -> 75 | B78: 1074 | C78: زكريا علي صالح احمد | D78: ذكر | E78: اليمن | F78: عربي | G78: 2287699033 | H78: 45283 | I78: 32057 | J78: =($H$1-I78)/365 -> 36.084932 | K78: مندوب مبيعات | L78: الدعم الفني | M78: 43726 | N78: 2 | O78: 44310 | P78: الرياض | Q78: الإدارة | R78: قسم IT | S78: دوام كامل | T78: 8 | V78: 44821 | X78: 08486609 | Y78: 45581 | Z78: 530880090 | AB78: SA3680000203608010309065 | AC78: RJHI | AD78: 7014477116 | AE78: شركة ريال البركة للتجارة | AL78: على رأس العمل
A79: =ROW()-3 -> 76 | B79: 1075 | C79: اريج مرداس عبدالله ال مسفوه اليامي | D79: أنثى | E79: سعودي | G79: 1081089128 | K79: محاسب زبائن | L79: كاشير | N79: 2 | O79: 44771 | P79: الرياض | Q79: الدائري الغربي | S79: دوام كامل | T79: 12 | V79: 44920 | Z79: 508797904 | AA79: areegmerdas@gmail.com | AB79: SA4680000475608011654643 | AC79: RJHI | AD79: 7014477116 | AE79: شركة ريال البركة للتجارة | AG79: 44826 | AH79: استقالة | AL79: استبعاد نهائي
A80: =ROW()-3 -> 77 | B80: 1076 | C80: ايمان حسين | D80: ذكر | E80: بنجلاديش | F80: غير عربي | G80: 2477303503 | H80: 45271 | I80: 30027 | J80: =($H$1-I80)/365 -> 41.646575 | K80: عامل تحميل وتنزيل | L80: عامل | M80: 43831 | N80: 2 | O80: 43831 | P80: الرياض | Q80: مستودع جملة سلطان والسويلم | R80: نقاط البيع | S80: دوام كامل | T80: 8 | V80: 44926 | X80: BY0623243 | Y80: 45311 | Z80: 541486210 | AA80: malaksohag80@gmail.com | AB80: SA6910000011100055028406 | AC80: NCBK | AD80: 7014477116 | AE80: شركة ريال البركة للتجارة | AF80: جملة سلطان | AL80: اجازة
A81: =ROW()-3 -> 78 | B81: 1077 | C81: رابي حسين | D81: ذكر | E81: بنجلاديش | F81: غير عربي | G81: 2475243123 | H81: 45417 | I81: 34336 | J81: =($H$1-I81)/365 -> 29.841096 | K81: عامل تعبئة رفوف | L81: عامل | M81: 43831 | N81: 2 | O81: 43831 | P81: الرياض | Q81: قضمة | R81: المطبخ | S81: دوام كامل | T81: 8 | V81: 44926 | W81: 45110 | X81: EJ0778075 | Y81: 46312 | Z81: 0573441421 | AA81: rh639492@gmail.com | AB81: SA8510000011100055012307 | AC81: NCBK | AD81: 7009073037 | AE81: مؤسسة سلطان عبدالرحمن صالح الرزيحي للتجارة | AL81: على رأس العمل
A82: =ROW()-3 -> 79 | B82: 1078 | C82: فكري عبدالدائم محمد عبدالرحمن | D82: ذكر | E82: اليمن | F82: عربي | G82: 2302314501 | H82: 45383 | I82: 29650 | J82: =($H$1-I82)/365 -> 42.679452 | K82: عامل مخزن | L82: مندوب مبيعات | M82: 43831 | N82: 2 | O82: 44526 | P82: الرياض | Q82: مستودع عكاظ 23 | R82: نقاط البيع | S82: دوام كامل | V82: 44926 | X82: 12329615 | Y82: 47206 | Z82: 595989991 | AB82: SA7505000068200816718000 | AC82: INMA | AD82: 7014477116 | AE82: شركة ريال البركة للتجارة | AI82: المالك | AL82: على رأس العمل
A83: =ROW()-3 -> 80 | B83: 1079 | C83: خالق عبد الرشيد | D83: ذكر | E83: بنجلاديش | F83: غير عربي | G83: 2477303669 | H83: 45268 | I83: 30081 | J83: =($H$1-I83)/365 -> 41.49863 | K83: عامل تعبئة رفوف | L83: عامل | M83: 43770 | N83: 2 | O83: 44789 | P83: الرياض | Q83: الشفا | R83: نقاط البيع | S83: دوام كامل | T83: 12 | V83: 44927 | W83: 44968 | X83: BY0918943 | Y83: 45345 | Z83: 571301909 | AB83: SA8910000011100077329704 | AC83: NCBK | AD83: 7015572543 | AE83: مؤسسة عبدالرحمن سلطان عبدالرحمن الرزيحي للتجارة | AF83: جملة ريال البركة | AL83: على رأس العمل
A84: =ROW()-3 -> 81 | B84: 1080 | C84: محمد السر علي الخليفة | D84: ذكر | E84: السودان | F84: عربي | G84: 2469710228 | H84: 45290 | I84: 27030 | J84: =($H$1-I84)/365 -> 49.857534 | K84: عامل تعبئه باليد | L84: عامل | M84: 43832 | N84: 2 | O84: 44943 | P84: الخرج | Q84: المصنع | R84: نقاط البيع | S84: دوام كامل | T84: 8 | V84: 44927 | X84: P05702024 | Y84: 45404 | Z84: 545859366 | AB84: SA9610000011100077348202 | AC84: NCBK | AD84: 7015572543 | AE84: مؤسسة عبدالرحمن سلطان عبدالرحمن الرزيحي للتجارة | AF84: مصنع المناديل | AI84: ايقاف عن العمل وانهاء خدمات | AL84: على رأس العمل
A85: =ROW()-3 -> 82 | B85: 1081 | C85: حسام حسن عبده الحاج حزام | D85: ذكر | E85: اليمن | F85: عربي | G85: 2484398744 | H85: 45433 | I85: 35188 | J85: =($H$1-I85)/365 -> 27.506849 | K85: عامل تعبئة رفوف | L85: عامل | M85: 43841 | N85: 2 | O85: 43841 | P85: القصيم | Q85: الإدارة | R85: نقاط البيع | S85: دوام كامل | T85: 12 | V85: 44936 | W85: 44971 | X85: 8672278 | Y85: 45853 | Z85: 541268049 | AB85: SA9310000011100077133207 | AC85: NCBK | AD85: 7015572543 | AE85: مؤسسة عبدالرحمن سلطان عبدالرحمن الرزيحي للتجارة | AL85: على رأس العمل
A86: =ROW()-3 -> 83 | B86: 1082 | C86: امجد حسين صديقي | D86: ذكر | E86: نيبال | F86: غير عربي | G86: 2489500203 | H86: 45397 | I86: 35329 | J86: =($H$1-I86)/365 -> 27.120548 | K86: عامل تحميل وتنزيل | L86: عامل | M86: 43879 | N86: 2 | O86: 43879 | P86: الرياض | Q86: فرع جده | R86: نقاط البيع | S86: دوام كامل | T86: 8 | V86: 44974 | X86: 11017478 | Y86: 46959 | Z86: 571087697 | AA86: amjadraza223322@gmail.com | AB86: SA7510000011100054808108 | AC86: NCBK | AD86: 7014477116 | AE86: شركة ريال البركة للتجارة | AH86: أجازه سنوية | AL86: على رأس العمل
A87: =ROW()-3 -> 84 | B87: 1083 | C87: خدادين منصور | D87: ذكر | E87: نيبال | F87: غير عربي | G87: 2489563854 | H87: 45307 | I87: 35348 | J87: =($H$1-I87)/365 -> 27.068493 | K87: عامل تعبئة رفوف | L87: عامل | M87: 43879 | N87: 2 | O87: 44636 | P87: الرياض | Q87: جملة ريال البركة | R87: نقاط البيع | S87: دوام كامل | T87: 8 | V87: 44974 | X87: 09614966 | Y87: 46080 | Z87: 572724816 | AB87: SA7610000011100055147008 | AC87: NCBK | AD87: 7014477116 | AE87: شركة ريال البركة للتجارة | AF87: جملة ريال البركة | AL87: على رأس العمل
A88: =ROW()-3 -> 85 | B88: 1084 | C88: رانجيف شيخ | D88: ذكر | E88: نيبال | F88: غير عربي | G88: 2489484002 | H88: 45565 | I88: 34181 | J88: =($H$1-I88)/365 -> 30.265753 | K88: عامل تحميل وتنزيل | L88: عامل | M88: 43879 | N88: 2 | O88: 45153 | P88: الخرج | Q88: المصنع | R88: نقاط البيع | S88: دوام كامل | T88: 8 | V88: 44974 | X88: 06263403 | Y88: 48446 | Z88: 0572628558 | AB88: SA6710000011100054884300 | AC88: NCBK | AD88: 7021202564 | AE88: مصنع سلطان الرزيحي للمنتجات الورقية | AF88: مصنع المناديل | AL88: على رأس العمل
A89: =ROW()-3 -> 86 | B89: 1085 | C89: شيخ احمد علام | D89: ذكر | E89: نيبال | F89: غير عربي | G89: 2489500641 | H89: 45397 | I89: 35085 | J89: =($H$1-I89)/365 -> 27.789041 | K89: عامل تحميل وتنزيل | L89: عامل | M89: 43879 | N89: 2 | O89: 44636 | P89: الرياض | Q89: مستودع جملة سلطان والسويلم | R89: نقاط البيع | S89: دوام كامل | T89: 8 | V89: 44974 | X89: 10999940 | Y89: 46944 | Z89: 563861090 | AA89: amjad547269@gmail.com | AB89: SA1110000011100055308810 | AC89: NCBK | AD89: 7014477116 | AE89: شركة ريال البركة للتجارة | AF89: جملة سلطان | AL89: على رأس العمل
A90: =ROW()-3 -> 87 | B90: 1086 | C90: شيخ اسك | D90: ذكر | E90: نيبال | F90: غير عربي | G90: 2489500682 | H90: 45397 | I90: 35478 | J90: =($H$1-I90)/365 -> 26.712329 | K90: عامل مهن فريدة | L90: عامل | M90: 43879 | N90: 2 | O90: 45166 | P90: الرياض | Q90: أونلاين | R90: نقاط البيع | S90: دوام كامل | T90: 8 | V90: 44974 | X90: 09829949 | Y90: 46186 | Z90: 565096204 | AA90: ashik123ajs@gmail.com | AB90: SA8610000011100055845907 | AC90: NCBK | AD90: 7014477116 | AE90: شركة ريال البركة للتجارة | AF90: جملة ريال البركة | AL90: اجازة
A91: =ROW()-3 -> 88 | B91: 1087 | C91: ضيا انصاري | D91: ذكر | E91: نيبال | F91: غير عربي | G91: 2489490876 | H91: 45459 | I91: 36088 | J91: =($H$1-I91)/365 -> 25.041096 | K91: عامل تحميل وتنزيل | L91: عامل | M91: 43879 | N91: 2 | O91: 44823 | P91: الرياض | Q91: فرع جده | R91: نقاط البيع | S91: دوام كامل | T91: 8 | V91: 44974 | X91: 10777145 | Y91: 46794 | Z91: 546243492 | AB91: SA1710000011100054830007 | AC91: NCBK | AD91: 7014477116 | AE91: شركة ريال البركة للتجارة | AL91: على رأس العمل
A92: =ROW()-3 -> 89 | B92: 1088 | C92: عطا بول انصاري | D92: ذكر | E92: نيبال | F92: غير عربي | G92: 2489500617 | H92: 45397 | I92: 35551 | J92: =($H$1-I92)/365 -> 26.512329 | K92: عامل تحميل وتنزيل | L92: عامل | M92: 43879 | N92: 2 | O92: 43879 | P92: الخرج | Q92: غرناطة | R92: نقاط البيع | S92: دوام كامل | T92: 12 | V92: 44974 | W92: 45044 | X92: 10164446 | Y92: 46382 | Z92: 571279543 | AA92: atabulansari872@gmail.com | AB92: SA1210000011100055854805 | AC92: NCBK | AD92: 7014477116 | AE92: شركة ريال البركة للتجارة | AF92: جملة ريال البركة | AL92: على رأس العمل
A93: =ROW()-3 -> 90 | B93: 1089 | C93: كنانين سيس | D93: ذكر | E93: نيبال | F93: غير عربي | G93: 2489500120 | H93: 45565 | I93: 33077 | J93: =($H$1-I93)/365 -> 33.290411 | K93: عامل تحميل وتنزيل | L93: عامل | M93: 43879 | N93: 2 | O93: 43879 | P93: الخرج | Q93: المصنع | R93: نقاط البيع | S93: دوام كامل | T93: 8 | V93: 44974 | X93: 08969291 | Y93: 45843 | Z93: 0571167275 | AA93: kanianshekh@gmail.com | AB93: SA0210000011100056362004 | AC93: NCBK | AD93: 7021202564 | AE93: مصنع سلطان الرزيحي للمنتجات الورقية | AF93: مصنع المناديل | AL93: على رأس العمل
A94: =ROW()-3 -> 91 | B94: 1090 | C94: شاة بران | D94: ذكر | E94: بنجلاديش | F94: غير عربي | G94: 2485181958 | H94: 45400 | I94: 34459 | J94: =($H$1-I94)/365 -> 29.50411 | K94: عامل تعبئة رفوف | L94: عامل | M94: 43885 | N94: 2 | O94: 45130 | P94: الرياض | Q94: النسيم 2 | R94: نقاط البيع | S94: دوام كامل | T94: 12 | V94: 44980 | W94: 44999 | X94: EB0198495 | Y94: 45474 | Z94: 580953940 | AB94: SA7810000011100076822204 | AC94: NCBK | AD94: 7015572543 | AE94: مؤسسة عبدالرحمن سلطان عبدالرحمن الرزيحي للتجارة | AF94: جملة ريال البركة | AL94: على رأس العمل
A95: =ROW()-3 -> 92 | B95: 1091 | C95: محمد مأمون حسين | D95: ذكر | E95: بنجلاديش | F95: غير عربي | G95: 2479860054 | H95: 45363 | I95: 34853 | J95: =($H$1-I95)/365 -> 28.424658 | K95: عامل تعبئة رفوف | L95: عامل | M95: 43800 | N95: 2 | O95: 43885 | P95: الرياض | Q95: الشفا | R95: نقاط البيع | S95: دوام كامل | T95: 12 | V95: 44980 | W95: 45016 | X95: EK0613771 | Y95: 46552 | Z95: 571567902 | AB95: SA1910000011100077142105 | AC95: NCBK | AD95: 7015572543 | AE95: مؤسسة عبدالرحمن سلطان عبدالرحمن الرزيحي للتجارة | AF95: جملة ريال البركة | AL95: على رأس العمل
A96: =ROW()-3 -> 93 | B96: 1092 | C96: اسف علم كندي عبد الستار | D96: ذكر | E96: الهند | F96: غير عربي | G96: 2489500823 | H96: 45289 | I96: 33423 | J96: =($H$1-I96)/365 -> 32.342466 | K96: عامل مهن فريدة | L96: فني صيانة عام | M96: 43891 | N96: 2 | O96: 44527 | P96: الرياض | Q96: الإدارة | R96: الصيانة | S96: دوام كامل | T96: 8 | V96: 44985 | X96: W8055086 | Y96: 48632 | Z96: 568927450 | AB96: SA7410000011100054889509 | AC96: NCBK | AD96: 7014477116 | AE96: شركة ريال البركة للتجارة | AL96: على رأس العمل
A97: =ROW()-3 -> 94 | B97: 1093 | C97: وسيم بري خان | D97: ذكر | E97: الهند | F97: غير عربي | G97: 2489500757 | H97: 45353 | I97: 30239 | J97: =($H$1-I97)/365 -> 41.065753 | K97: عامل تحميل وتنزيل | L97: عامل | M97: 43835 | N97: 2 | O97: 43922 | P97: الدمام | Q97: العنود | R97: نقاط البيع | S97: دوام كامل | T97: 12 | V97: 45081 | W97: 45014 | X97: N9658973 | Y97: 45162 | Z97: 571289468 | AB97: SA9210000011100055043900 | AC97: NCBK | AD97: 7014477116 | AE97: شركة ريال البركة للتجارة | AF97: جملة ريال البركة | AL97: على رأس العمل
A98: =ROW()-3 -> 95 | B98: 1094 | C98: بلال حوسان سيفال | D98: ذكر | E98: بنجلاديش | F98: غير عربي | G98: 2484400953 | H98: 45353 | I98: 32011 | J98: =($H$1-I98)/365 -> 36.210959 | K98: عامل تعبئة رفوف | L98: عامل | M98: 43954 | N98: 2 | O98: 43954 | P98: الأحساء | Q98: الأندلس | R98: نقاط البيع | S98: دوام كامل | T98: 12 | V98: 45048 | W98: 45015 | X98: EA0446154 | Y98: 45398 | Z98: 542938750 | AA98: billalhossain765billal@gmail.com | AB98: SA3110000011100077270705 | AC98: NCBK | AD98: 7015572543 | AE98: مؤسسة عبدالرحمن سلطان عبدالرحمن الرزيحي للتجارة | AF98: جملة ريال البركة | AL98: على رأس العمل
A99: =ROW()-3 -> 96 | B99: 1095 | C99: سري بيدان ساركار | D99: ذكر | E99: بنجلاديش | F99: غير عربي | G99: 2484401118 | H99: 45335 | I99: 33154 | J99: =($H$1-I99)/365 -> 33.079452 | K99: عامل تعبئة رفوف | L99: مشرف فرع | M99: 43954 | N99: 2 | O99: 43954 | P99: الرياض | Q99: الشفا | R99: نقاط البيع | S99: دوام كامل | T99: 12 | V99: 45048 | W99: 44968 | X99: BQ0354233 | Y99: 46319 | Z99: 563443156 | AA99: bidansk36@gmail.com | AB99: SA6410000011100075029508 | AC99: NCBK | AD99: 7015572543 | AE99: مؤسسة عبدالرحمن سلطان عبدالرحمن الرزيحي للتجارة | AF99: جملة ريال البركة | AH99: أجازه سنوية | AL99: على رأس العمل
A100: =ROW()-3 -> 97 | B100: 1096 | C100: محمد أنس علي | D100: ذكر | E100: بنجلاديش | F100: غير عربي | G100: 2484400714 | H100: 45400 | I100: 35411 | J100: =($H$1-I100)/365 -> 26.89589 | K100: عامل تعبئة رفوف | L100: عامل | M100: 43954 | N100: 2 | O100: 43954 | P100: الأحساء | Q100: الأندلس | R100: نقاط البيع | S100: دوام كامل | T100: 12 | V100: 45048 | X100: EA0038653 | Y100: 45357 | Z100: 543212928 | AA100: anashasas40@gmail.com | AB100: SA4510000011100074459005 | AC100: NCBK | AD100: 7015572543 | AE100: مؤسسة عبدالرحمن سلطان عبدالرحمن الرزيحي للتجارة | AF100: جملة ريال البركة | AL100: على رأس العمل
A101: =ROW()-3 -> 98 | B101: 1097 | C101: مد شبوزا | D101: ذكر | E101: بنجلاديش | F101: غير عربي | G101: 2484400839 | H101: 45083 | I101: 35084 | J101: =($H$1-I101)/365 -> 27.791781 | K101: عامل شحن وتفريغ | L101: عامل | M101: 43954 | N101: 2 | O101: 43954 | P101: الرياض | Q101: لبن | R101: نقاط البيع | S101: دوام كامل | T101: 12 | V101: 45048 | W101: 44971 | X101: BX0499928 | Y101: 45218 | Z101: 580233507 | AA101: sobujislamalone763@gmail.com | AB101: SA5710000011100077197002 | AC101: NCBK | AD101: 7015572543 | AE101: مؤسسة عبدالرحمن سلطان عبدالرحمن الرزيحي للتجارة | AG101: 45077 | AH101: تم انهاء خدماته | AL101: استبعاد نهائي
...

Sheet بـيـان مرتبات
A3: م | B3: الرقم الوظيفي | C3: رقم الهوية | D3: نوع التحويل | E3: أسم الموظف | F3: المشروع | G3: الراتب الأساسي | H3: بدل السكن | I3: بدل الانتقال | J3: بدل معيشة | K3: بدلات أخرى | L3: اجمالي الراتب | M3: الشركة
A4: =ROW()-3 -> 1 | B4: 1000 | C4: 1023619636 | D4: تحويل خاص | E4: سلطان عبدالرحمن صالح الرزيحي | F4: الإدارة | G4: 35000 | H4: 16250 | I4: 0 | J4: 0 | K4: 38750 | L4: 90000 | M4: سلطان عبدالرحمن صالح الرزيحي
A5: =ROW()-3 -> 2 | B5: 1001 | C5: 2183771753 | D5: تحويل بنك | E5: سنوار عبد المجيد | F5: النسيم | G5: 1800 | H5: 0 | I5: 0 | J5: 0 | K5: 1200 | L5: 3000 | M5: شركة ريال البركة للتجارة
A6: =ROW()-3 -> 3 | B6: 1002 | C6: 2278047721 | D6: تحويل بنك | E6: عبدالرحمن محمد عبده السلمي | F6: جملة ريال البركة | G6: 3600 | H6: 0 | J6: 0 | K6: 6400 | L6: 10000 | M6: شركة ريال البركة للتجارة
A7: =ROW()-3 -> 4 | B7: 1003 | C7: 2258083357 | D7: تحويل بنك | E7: سليم عبده علي الرعوي | F7: الإدارة | G7: 3600 | H7: 0 | I7: 0 | J7: 0 | K7: 6400 | L7: 10000 | M7: شركة ريال البركة للتجارة
A8: =ROW()-3 -> 5 | B8: 1004 | C8: 2294076340 | D8: تحويل بنك | E8: مصطفى عبده علي صالح الرعوي | F8: جملة ريال البركة | G8: 3600 | H8: 0 | J8: 0 | K8: 6400 | L8: 10000 | M8: شركة ريال البركة للتجارة
A9: =ROW()-3 -> 6 | B9: 1005 | C9: 2265219804 | D9: تحويل بنك | E9: عبدالسلام محمد سعيد ناجي | F9: فرع جده | G9: 2500 | H9: 0 | J9: 0 | K9: 3500 | L9: 6000 | M9: مؤسسة سلطان عبدالرحمن صالح الرزيحي للتجارة
A10: =ROW()-3 -> 7 | B10: 1006 | C10: 2259512115 | D10: تحويل بنك | E10: بلال صالح حمود الفهد | F10: النسيم 2 | G10: 2000 | H10: 0 | J10: 0 | K10: 800 | L10: 2800 | M10: شركة ريال البركة للتجارة
A11: =ROW()-3 -> 8 | B11: 1007 | C11: 2278571605 | D11: تحويل بنك | E11: محمد عبدالدائم محمد عبدالرحمن | F11: مستودع عكاظ 23 | G11: 1000 | H11: 0 | K11: 0 | L11: 1000 | M11: شركة ريال البركة للتجارة
A12: =ROW()-3 -> 9 | B12: 1008 | C12: 1031868324 | D12: تحويل بنك | E12: فوزية هزال عيسى الهزال | F12: الإدارة | G12: 4000 | H12: 0 | I12: 0 | J12: 0 | K12: 0 | L12: 4000 | M12: شركة ريال البركة للتجارة
A13: =ROW()-3 -> 10 | B13: 1009 | C13: 2217477385 | D13: تحويل بنك | E13: اسد الزمان علي | F13: أونلاين | G13: 1600 | H13: 0 | J13: 0 | K13: 900 | L13: 2500 | M13: شركة ريال البركة للتجارة
A14: =ROW()-3 -> 11 | B14: 1010 | C14: 2201478860 | D14: تحويل بنك | E14: تفضل ولي | F14: مستودع جملة سلطان والسويلم | G14: 1600 | H14: 0 | J14: 0 | K14: 900 | L14: 2500 | M14: مؤسسة سلطان عبدالرحمن صالح الرزيحي للتجارة
A15: =ROW()-3 -> 12 | B15: 1011 | C15: 2368855538 | D15: تحويل بنك | E15: أيمن محمد فتحي خلف | F15: قضمة | G15: 4000 | H15: 0 | I15: 0 | J15: 0 | K15: 4000 | L15: 8000 | M15: مؤسسة سلطان عبدالرحمن صالح الرزيحي للتجارة
A16: =ROW()-3 -> 13 | B16: 1012 | C16: 2280543253 | D16: تحويل بنك | E16: نوبي امير شيخ | F16: العنود | G16: 1400 | H16: 0 | I16: 0 | J16: 0 | K16: 600 | L16: 2000 | M16: شركة ريال البركة للتجارة
A17: =ROW()-3 -> 14 | B17: 1013 | C17: 1092729258 | D17: تحويل بنك | E17: منال سلطان عبدالرحمن الرزيحي | F17: الإدارة | G17: 4000 | H17: 0 | I17: 0 | J17: 0 | K17: 0 | L17: 4000 | M17: شركة ريال البركة للتجارة
A18: =ROW()-3 -> 15 | B18: 1014 | C18: 1092729241 | D18: تحويل بنك | E18: منيره سلطان عبدالرحمن الرزيحي | F18: وكالة ممكن حلول | G18: 4000 | H18: 0 | I18: 0 | J18: 0 | K18: 500 | L18: 4500 | M18: شركة ريال البركة للتجارة
A19: =ROW()-3 -> 16 | B19: 1015 | C19: 2489500492 | D19: تحويل بنك | E19: عجيب بيلافي | F19: جملة ريال البركة | G19: 1600 | H19: 0 | J19: 0 | K19: 1200 | L19: 2800 | M19: شركة ريال البركة للتجارة
A20: =ROW()-3 -> 17 | B20: 1016 | C20: 2393348749 | D20: تحويل خاص | E20: معشوق أحمد أنصاري | F20: جملة ريال البركة | G20: 1500 | H20: 0 | J20: 0 | K20: 300 | L20: 1800 | M20: سعد الرزيحي
A21: =ROW()-3 -> 18 | B21: 1017 | C21: 2249559515 | D21: تحويل بنك | E21: جهانقير عبد الرزاق بادي | F21: الدائري الغربي | G21: 1300 | H21: 0 | I21: 0 | J21: 0 | K21: 700 | L21: 2000 | M21: شركة ريال البركة للتجارة
A22: =ROW()-3 -> 19 | B22: 1018 | C22: 2465674733 | D22: تحويل بنك | E22: محمد عبدالله محمد الحبجي | F22: الإدارة | G22: 2200 | H22: 0 | I22: 0 | J22: 0 | K22: 3300 | L22: 5500 | M22: شركة ريال البركة للتجارة
A23: =ROW()-3 -> 20 | B23: 1019 | C23: 2341519797 | D23: تحويل بنك | E23: رؤوف انصاري سفيدة | F23: المصنع | G23: 1400 | H23: 0 | J23: 0 | K23: 800 | L23: 2200 | M23: شركة ريال البركة للتجارة
A24: =ROW()-3 -> 21 | B24: 1020 | C24: 2419016353 | D24: تحويل خاص | E24: محمد فاروق خليل | F24: المصنع | G24: 1400 | H24: 0 | J24: 0 | K24: 300 | L24: 1700 | M24: عبدالرحمن سلطان الرزيحي
A25: =ROW()-3 -> 22 | B25: 1021 | C25: 2466030422 | D25: تحويل بنك | E25: ياسر عبدالولي قايد الغابري | F25: وكالة ممكن حلول | G25: 3600 | H25: 0 | J25: 0 | K25: 4400 | L25: 8000 | M25: شركة ريال البركة للتجارة
A26: =ROW()-3 -> 23 | B26: 1022 | C26: 2214431989 | D26: تحويل بنك | E26: عمر احمد علي الشامي | F26: جملة ريال البركة | G26: 2200 | H26: 0 | J26: 0 | K26: 2800 | L26: 5000 | M26: شركة ريال البركة للتجارة
A27: =ROW()-3 -> 24 | B27: 1023 | C27: 1061419220 | D27: تحويل بنك | E27: عبدالرحمن سلطان الرزيحي | F27: الإدارة | G27: 9600 | H27: 2400 | I27: 0 | J27: 0 | K27: 13000 | L27: 25000 | M27: شركة ريال البركة للتجارة
A28: =ROW()-3 -> 25 | B28: 1024 | C28: 2184651574 | D28: تحويل بنك | E28: إسماعيل دحدوح مياه | F28: جملة ريال البركة | G28: 1300 | H28: 0 | J28: 0 | K28: 700 | L28: 2000 | M28: شركة ريال البركة للتجارة
A29: =ROW()-3 -> 26 | B29: 1025 | C29: 2426108722 | D29: تحويل بنك | E29: فرهد حسين | F29: الدائري الغربي | G29: 1800 | H29: 0 | I29: 0 | J29: 0 | K29: 1200 | L29: 3000 | M29: شركة ريال البركة للتجارة
A30: =ROW()-3 -> 27 | B30: 1026 | C30: 2425771561 | D30: تحويل بنك | E30: أنور حسين | F30: عنيزة | G30: 1300 | H30: 0 | J30: 0 | K30: 1000 | L30: 2300 | M30: شركة ريال البركة للتجارة
A31: =ROW()-3 -> 28 | B31: 1027 | C31: 2426599862 | D31: تحويل بنك | E31: محمد شيمون | F31: الدائري الغربي | G31: 1400 | H31: 0 | I31: 0 | J31: 0 | K31: 900 | L31: 2300 | M31: شركة ريال البركة للتجارة
A32: =ROW()-3 -> 29 | B32: 1028 | C32: 2379964170 | D32: تحويل بنك | E32: فاكي أحمد بري خان | F32: الدائري الغربي | G32: 1500 | H32: 0 | I32: 0 | J32: 0 | K32: 700 | L32: 2200 | M32: شركة ريال البركة للتجارة
A33: =ROW()-3 -> 30 | B33: 1029 | C33: 2427581463 | D33: تحويل بنك | E33: محمد رفيق الإسلام | F33: غرناطة | G33: 1300 | H33: 0 | J33: 0 | K33: 1200 | L33: 2500 | M33: شركة ريال البركة للتجارة
A34: =ROW()-3 -> 31 | B34: 1030 | C34: 2429930478 | D34: تحويل بنك | E34: ميدى حسن | F34: جملة ريال البركة | G34: 1300 | H34: 0 | J34: 0 | K34: 1000 | L34: 2300 | M34: شركة ريال البركة للتجارة
A35: =ROW()-3 -> 32 | B35: 1031 | C35: 2434409518 | D35: تحويل بنك | E35: أبو بكر عبد اللطيف | F35: الشفا | G35: 1300 | H35: 0 | K35: 1000 | L35: 2300 | M35: مؤسسة عبدالرحمن سلطان عبدالرحمن الرزيحي للتجارة
A36: =ROW()-3 -> 33 | B36: 1032 | C36: 2088386467 | D36: تحويل بنك | E36: حمزه الاحمر | F36: مستودع جملة سلطان والسويلم | G36: 4000 | H36: 0 | J36: 0 | K36: 6000 | L36: 10000 | M36: شركة ريال البركة للتجارة
A37: =ROW()-3 -> 34 | B37: 1033 | C37: 2442201907 | D37: تحويل بنك | E37: محمد بارفيج محمد أكتير | F37: جملة ريال البركة | G37: 1300 | H37: 0 | J37: 0 | K37: 900 | L37: 2200 | M37: عبدالرحمن سلطان الرزيحي
A38: =ROW()-3 -> 35 | B38: 1034 | C38: 2439079886 | D38: تحويل بنك | E38: مد ميلون باطوري | F38: أونلاين | G38: 1500 | H38: 0 | J38: 0 | K38: 1000 | L38: 2500 | M38: شركة ريال البركة للتجارة
A39: =ROW()-3 -> 36 | B39: 1035 | C39: 2348234200 | D39: تحويل بنك | E39: شاهين هولدير | F39: بريدة | G39: 1400 | H39: 0 | J39: 0 | K39: 1100 | L39: 2500 | M39: شركة ريال البركة للتجارة
A40: =ROW()-3 -> 37 | B40: 1036 | C40: 2436104687 | D40: تحويل بنك | E40: عارف نور الإسلام | F40: العنود | G40: 1200 | H40: 0 | I40: 0 | J40: 0 | K40: 800 | L40: 2000 | M40: شركة ريال البركة للتجارة
A41: =ROW()-3 -> 38 | B41: 1037 | C41: 1060845557 | D41: تحويل بنك | E41: نوف عبدالرحمن صالح الرزيحي | F41: الإدارة | G41: 4000 | H41: 0 | J41: 0 | K41: 0 | L41: 4000 | M41: شركة ريال البركة للتجارة
A42: =ROW()-3 -> 39 | B42: 1038 | C42: 2439069309 | D42: تحويل بنك | E42: محمد عارف حسين | F42: غرناطة | G42: 1300 | H42: 0 | J42: 0 | K42: 900 | L42: 2200 | M42: شركة ريال البركة للتجارة
A43: =ROW()-3 -> 40 | B43: 1039 | C43: 2178279747 | D43: تحويل بنك | E43: يحي صالح سالم شامس | F43: جملة ريال البركة | G43: 2000 | H43: 0 | J43: 0 | K43: 1200 | L43: 3200 | M43: شركة ريال البركة للتجارة
A44: =ROW()-3 -> 41 | B44: 1040 | C44: 1085931283 | D44: تحويل بنك | E44: فاطمه محمد عبدالعزيز الشليل | F44: الإدارة | G44: 4000 | H44: 0 | J44: 0 | K44: 0 | L44: 4000 | M44: شركة ريال البركة للتجارة
A45: =ROW()-3 -> 42 | B45: 1041 | C45: 2415090105 | D45: تحويل بنك | E45: محمد عارف الإسلام | F45: فرع جده | G45: 1600 | H45: 0 | J45: 0 | K45: 1200 | L45: 2800 | M45: شركة ريال البركة للتجارة
A46: =ROW()-3 -> 43 | B46: 1042 | C46: 1072033960 | D46: تحويل بنك | E46: هياء سليمان صالح المريشد | F46: الإدارة | G46: 4000 | H46: 0 | J46: 0 | K46: 0 | L46: 4000 | M46: شركة ريال البركة للتجارة
A47: =ROW()-3 -> 44 | B47: 1043 | C47: 1043624756 | D47: تحويل بنك | E47: عهود سعد محمد دهمش | F47: وكالة ممكن حلول | G47: 4000 | H47: 0 | J47: 0 | K47: 0 | L47: 4000 | M47: شركة ريال البركة للتجارة
A48: =ROW()-3 -> 45 | B48: 1044 | C48: 2429704196 | D48: تحويل بنك | E48: محمد علي فورازي | F48: الرس | G48: 1300 | H48: 0 | J48: 0 | K48: 900 | L48: 2200 | M48: شركة ريال البركة للتجارة
A49: =ROW()-3 -> 46 | B49: 1045 | C49: 1088719834 | D49: تحويل بنك | E49: لمياء سليمان صالح المريشد | F49: وكالة ممكن حلول | G49: 4000 | H49: 0 | J49: 0 | L49: 4000 | M49: مؤسسة سلطان عبدالرحمن صالح الرزيحي للتجارة
A50: =ROW()-3 -> 47 | B50: 1046 | C50: 1005114796 | D50: تحويل بنك | E50: سليمان صالح سليمان المريشد | F50: سعودة | G50: 4000 | H50: 0 | I50: 0 | J50: 0 | K50: 0 | L50: 4000 | M50: شركة ريال البركة للتجارة
A51: =ROW()-3 -> 48 | B51: 1047 | C51: 2435149386 | D51: تحويل بنك | E51: هشام عثمان موسى احمد | F51: جملة ريال البركة | G51: 1800 | H51: 0 | J51: 0 | K51: 1200 | L51: 3000 | M51: شركة ريال البركة للتجارة
A52: =ROW()-3 -> 49 | B52: 1048 | C52: 2440102875 | D52: تحويل بنك | E52: محمد شؤيف حسين | F52: العنود | G52: 1300 | H52: 0 | I52: 0 | J52: 0 | K52: 900 | L52: 2200 | M52: شركة ريال البركة للتجارة
A53: =ROW()-3 -> 50 | B53: 1049 | C53: 2443897380 | D53: تحويل بنك | E53: محمد شجون | F53: هاينس | G53: 1300 | H53: 0 | I53: 0 | J53: 0 | K53: 1200 | L53: 2500 | M53: شركة ريال البركة للتجارة
A54: 1050 | B54: 1050 | C54: 2227227549 | E54: محمد عطية سعد | F54: الإدارة | G54: 3000 | H54: 0 | K54: 0 | L54: 3000
A55: 1051 | B55: 1051 | C55: 1123517557 | D55: تحويل خاص | E55: مشعل حسن صالح القحطاني | F55: المصيف | G55: 4000 | H55: 0 | K55: 0 | L55: 4000 | M55: شريك
A56: =ROW()-3 -> 53 | B56: 1052 | C56: 2213474048 | D56: تحويل خاص | E56: محمد يحي محسن عميسان | F56: الإدارة | G56: 8000 | H56: 0 | K56: 7000 | L56: 15000 | M56: شركة عبدالرحمن الرزيحي التجارية
A57: 1053 | B57: 1053 | C57: 1086719836 | D57: تحويل بنك | E57: بشاير خليل أحمد العنزي | F57: الدائري الغربي | G57: 4000 | H57: 0 | I57: 0 | J57: 0 | K57: 800 | L57: 4800 | M57: شركة ريال البركة للتجارة
A58: =ROW()-3 -> 55 | B58: 1054 | C58: 2381616388 | D58: تحويل بنك | E58: نبيل محمد علي السلمي | F58: العنود | G58: 2000 | H58: 0 | I58: 0 | J58: 0 | K58: 2000 | L58: 4000 | M58: شركة ريال البركة للتجارة
A59: =ROW()-3 -> 56 | B59: 1055 | C59: 2271066652 | D59: تحويل بنك | E59: محضار عبدالله حسين السيد | F59: جملة ريال البركة | G59: 2800 | H59: 0 | I59: 0 | J59: 0 | K59: 3200 | L59: 6000 | M59: شركة ريال البركة للتجارة
A60: =ROW()-3 -> 57 | B60: 1056 | C60: 2233369574 | D60: تحويل بنك | E60: جمال علي فرحان الفنيني | F60: جملة ريال البركة | G60: 2200 | H60: 0 | I60: 0 | J60: 0 | K60: 1300 | L60: 3500 | M60: شركة ريال البركة للتجارة
A61: =ROW()-3 -> 58 | B61: 1057 | C61: 2415874664 | D61: تحويل بنك | E61: أكرم ال حقي | F61: المصيف | G61: 1600 | H61: 0 | I61: 0 | J61: 0 | K61: 500 | L61: 2100 | M61: مؤسسة زاوية ريال بركة للكماليات
A62: =ROW()-3 -> 59 | B62: 1058 | C62: 2428739169 | D62: تحويل بنك | E62: ألمغير حسين | F62: اليرموك | G62: 1600 | H62: 0 | I62: 0 | J62: 0 | K62: 400 | L62: 2000 | M62: مؤسسة زاوية ريال بركة للكماليات
A63: =ROW()-3 -> 60 | B63: 1059 | C63: 2431488325 | D63: تحويل بنك | E63: رامجان علي صديقي | F63: المصيف | G63: 1600 | H63: 0 | I63: 0 | J63: 0 | K63: 400 | L63: 2000 | M63: مؤسسة زاوية ريال بركة للكماليات
A64: =ROW()-3 -> 61 | B64: 1060 | C64: 2448299566 | D64: تحويل بنك | E64: عبدالرحمن علي حسين قرانه | F64: المصيف | G64: 2000 | H64: 0 | I64: 0 | J64: 0 | K64: 400 | L64: 2400 | M64: مؤسسة زاوية ريال بركة للكماليات
A65: =ROW()-3 -> 62 | B65: 1061 | C65: 2351495946 | D65: تحويل بنك | E65: ماجد محمد يحيى السودي | F65: اليرموك | G65: 2000 | H65: 0 | I65: 0 | J65: 0 | K65: 800 | L65: 2800 | M65: مؤسسة زاوية ريال بركة للكماليات
A66: =ROW()-3 -> 63 | B66: 1062 | C66: 2444716852 | D66: تحويل بنك | E66: مراد علي حسن قرانه | F66: الإدارة | G66: 3300 | H66: 0 | I66: 0 | J66: 0 | K66: 1200 | L66: 4500 | M66: مؤسسة زاوية ريال بركة للكماليات
A67: =ROW()-3 -> 64 | B67: 1063 | C67: 2177037914 | D67: تحويل بنك | E67: جميل علي حسن عبدالله | F67: جملة ريال البركة | G67: 2000 | H67: 0 | K67: 1300 | L67: 3300 | M67: شركة ريال البركة للتجارة
A68: =ROW()-3 -> 65 | B68: 1064 | C68: 2445662816 | D68: تحويل بنك | E68: معين الدين وحيد | F68: قضمة | G68: 1400 | H68: 0 | I68: 0 | J68: 0 | K68: 1400 | L68: 2800 | M68: مؤسسة سلطان عبدالرحمن صالح الرزيحي للتجارة
A69: =ROW()-3 -> 66 | B69: 1065 | C69: 2464009899 | D69: تحويل بنك | E69: عمر محمد عبده علي السلمي | F69: الشفا | G69: 2000 | H69: 0 | K69: 2000 | L69: 4000 | M69: مؤسسة عبدالرحمن سلطان عبدالرحمن الرزيحي للتجارة
A70: =ROW()-3 -> 67 | B70: 1066 | C70: 2469385732 | D70: تحويل بنك | E70: محمد عبدالله حسين محمد السيد | F70: جملة ريال البركة | G70: 1300 | H70: 0 | K70: 900 | L70: 2200 | M70: مؤسسة عبدالرحمن سلطان عبدالرحمن الرزيحي للتجارة
A71: =ROW()-3 -> 68 | B71: 1067 | C71: 2463326849 | D71: تحويل بنك | E71: شوقي النور مصطفي أحمد | F71: مستودع جملة سلطان والسويلم | G71: 2000 | H71: 0 | I71: 0 | J71: 0 | K71: 300 | L71: 2300 | M71: مؤسسة سلطان عبدالرحمن صالح الرزيحي للتجارة
A72: =ROW()-3 -> 69 | B72: 1068 | C72: 1068412897 | D72: تحويل بنك | E72: تهاني محمد محسن السهلي | F72: الدائري الغربي | G72: 4000 | H72: 0 | I72: 0 | J72: 0 | K72: 1000 | L72: 5000 | M72: شركة ريال البركة للتجارة
A73: =ROW()-3 -> 70 | B73: 1069 | C73: 2315332334 | D73: تحويل بنك | E73: هشام مقبل عبده علي السلمي | F73: الإدارة | G73: 2000 | H73: 0 | K73: 2000 | L73: 4000 | M73: مؤسسة عبدالرحمن سلطان عبدالرحمن الرزيحي للتجارة
A74: =ROW()-3 -> 71 | B74: 1070 | C74: 2297145332 | D74: تحويل بنك | E74: مطيع صالح حمود قايد الفهد | F74: المصنع | G74: 1400 | H74: 0 | K74: 600 | L74: 2000 | M74: مصنع سلطان الرزيحي للمنتجات الورقية
A75: =ROW()-3 -> 72 | B75: 1071 | C75: 2444717033 | D75: تحويل بنك | E75: أحمد أحمد عبدالله أحمد قرانه | F75: اليرموك | G75: 2000 | H75: 0 | I75: 0 | J75: 0 | K75: 400 | L75: 2400 | M75: مؤسسة زاوية ريال بركة للكماليات
A76: =ROW()-3 -> 73 | B76: 1072 | C76: 2294959602 | D76: تحويل بنك | E76: محمد أحمد محمد عبد القوي الزيادي | F76: حائل | G76: 2000 | H76: 0 | K76: 1000 | L76: 3000 | M76: مؤسسة زاوية ريال بركة للكماليات
A77: =ROW()-3 -> 74 | B77: 1073 | C77: 2434158859 | D77: تحويل بنك | E77: محمد عباس علي | F77: النسيم 2 | G77: 1300 | H77: 0 | I77: 0 | J77: 0 | K77: 800 | L77: 2100 | M77: شركة ريال البركة للتجارة
A78: =ROW()-3 -> 75 | B78: 1074 | C78: 2287699033 | D78: تحويل بنك | E78: زكريا علي صالح احمد | F78: الإدارة | G78: 2500 | H78: 0 | I78: 0 | J78: 0 | K78: 2500 | L78: 5000 | M78: شركة ريال البركة للتجارة
A79: 1075 | B79: 1075 | C79: 1081089128 | E79: اريج مرداس عبدالله ال مسفوه اليامي | F79: الدائري الغربي | G79: 4000 | H79: 0 | K79: 0 | L79: 4000 | M79: شركة ريال البركة للتجارة
A80: =ROW()-3 -> 77 | B80: 1076 | C80: 2477303503 | D80: تحويل بنك | E80: ايمان حسين | F80: مستودع جملة سلطان والسويلم | G80: 1200 | H80: 0 | K80: 800 | L80: 2000 | M80: شركة ريال البركة للتجارة
A81: =ROW()-3 -> 78 | B81: 1077 | C81: 2475243123 | D81: تحويل بنك | E81: رابي حسين | F81: قضمة | G81: 1200 | H81: 0 | I81: 0 | J81: 0 | K81: 1000 | L81: 2200 | M81: مؤسسة سلطان عبدالرحمن صالح الرزيحي للتجارة
A82: =ROW()-3 -> 79 | B82: 1078 | C82: 2302314501 | D82: تحويل بنك | E82: فكري عبدالدائم محمد عبدالرحمن | F82: مستودع عكاظ 23 | G82: 800 | H82: 0 | K82: 0 | L82: 800 | M82: شركة ريال البركة للتجارة
A83: =ROW()-3 -> 80 | B83: 1079 | C83: 2477303669 | D83: تحويل بنك | E83: خالق عبد الرشيد | F83: الشفا | G83: 1200 | H83: 0 | K83: 800 | L83: 2000 | M83: مؤسسة عبدالرحمن سلطان عبدالرحمن الرزيحي للتجارة
A84: =ROW()-3 -> 81 | B84: 1080 | C84: 2469710228 | D84: تحويل بنك | E84: محمد السر علي الخليفة | F84: المصنع | G84: 1300 | H84: 0 | K84: 700 | L84: 2000 | M84: مؤسسة عبدالرحمن سلطان عبدالرحمن الرزيحي للتجارة
A85: =ROW()-3 -> 82 | B85: 1081 | C85: 2484398744 | D85: تحويل بنك | E85: حسام حسن عبده الحاج حزام | F85: الإدارة | G85: 1800 | H85: 0 | K85: 1700 | L85: 3500 | M85: مؤسسة عبدالرحمن سلطان عبدالرحمن الرزيحي للتجارة
A86: =ROW()-3 -> 83 | B86: 1082 | C86: 2489500203 | D86: تحويل بنك | E86: امجد حسين صديقي | F86: فرع جده | G86: 1000 | H86: 0 | I86: 0 | J86: 0 | K86: 1000 | L86: 2000 | M86: شركة ريال البركة للتجارة
A87: =ROW()-3 -> 84 | B87: 1083 | C87: 2489563854 | D87: تحويل بنك | E87: خدادين منصور | F87: جملة ريال البركة | G87: 1200 | H87: 0 | I87: 0 | J87: 0 | K87: 800 | L87: 2000 | M87: شركة ريال البركة للتجارة
A88: =ROW()-3 -> 85 | B88: 1084 | C88: 2489484002 | D88: تحويل بنك | E88: رانجيف شيخ | F88: المصنع | G88: 1200 | H88: 0 | I88: 0 | J88: 0 | K88: 800 | L88: 2000 | M88: مصنع سلطان الرزيحي للمنتجات الورقية
A89: =ROW()-3 -> 86 | B89: 1085 | C89: 2489500641 | D89: تحويل بنك | E89: شيخ احمد علام | F89: مستودع جملة سلطان والسويلم | G89: 1200 | H89: 0 | I89: 0 | J89: 0 | K89: 800 | L89: 2000 | M89: شركة ريال البركة للتجارة
A90: =ROW()-3 -> 87 | B90: 1086 | C90: 2489500682 | D90: تحويل بنك | E90: شيخ اسك | F90: أونلاين | G90: 1200 | H90: 0 | K90: 800 | L90: 2000 | M90: شركة ريال البركة للتجارة
A91: =ROW()-3 -> 88 | B91: 1087 | C91: 2489490876 | D91: تحويل بنك | E91: ضيا انصاري | F91: فرع جده | G91: 1200 | H91: 0 | I91: 0 | J91: 0 | K91: 800 | L91: 2000 | M91: شركة ريال البركة للتجارة
A92: =ROW()-3 -> 89 | B92: 1088 | C92: 2489500617 | D92: تحويل بنك | E92: عطا بول انصاري | F92: غرناطة | G92: 1200 | H92: 0 | I92: 0 | J92: 0 | K92: 800 | L92: 2000 | M92: شركة ريال البركة للتجارة
A93: =ROW()-3 -> 90 | B93: 1089 | C93: 2489500120 | D93: تحويل بنك | E93: كنانين سيس | F93: المصنع | G93: 1200 | H93: 0 | I93: 0 | J93: 0 | K93: 800 | L93: 2000 | M93: مصنع سلطان الرزيحي للمنتجات الورقية
A94: =ROW()-3 -> 91 | B94: 1090 | C94: 2485181958 | D94: تحويل بنك | E94: شاة بران | F94: النسيم 2 | G94: 1200 | H94: 0 | K94: 800 | L94: 2000 | M94: مؤسسة عبدالرحمن سلطان عبدالرحمن الرزيحي للتجارة
A95: =ROW()-3 -> 92 | B95: 1091 | C95: 2479860054 | D95: تحويل بنك | E95: محمد مأمون حسين | F95: الشفا | G95: 1400 | H95: 0 | K95: 600 | L95: 2000 | M95: مؤسسة عبدالرحمن سلطان عبدالرحمن الرزيحي للتجارة
A96: =ROW()-3 -> 93 | B96: 1092 | C96: 2489500823 | D96: تحويل بنك | E96: اسف علم كندي عبد الستار | F96: الإدارة | G96: 1400 | H96: 0 | I96: 0 | J96: 0 | K96: 1200 | L96: 2600 | M96: شركة ريال البركة للتجارة
A97: =ROW()-3 -> 94 | B97: 1093 | C97: 2489500757 | D97: تحويل بنك | E97: وسيم بري خان | F97: العنود | G97: 1200 | H97: 0 | I97: 0 | J97: 0 | K97: 800 | L97: 2000 | M97: شركة ريال البركة للتجارة
A98: =ROW()-3 -> 95 | B98: 1094 | C98: 2484400953 | D98: تحويل بنك | E98: بلال حوسان سيفال | F98: الأندلس | G98: 1000 | H98: 0 | K98: 900 | L98: 1900 | M98: مؤسسة عبدالرحمن سلطان عبدالرحمن الرزيحي للتجارة
A99: =ROW()-3 -> 96 | B99: 1095 | C99: 2484401118 | D99: تحويل بنك | E99: سري بيدان ساركار | F99: الشفا | G99: 1200 | H99: 0 | K99: 900 | L99: 2100 | M99: مؤسسة عبدالرحمن سلطان عبدالرحمن الرزيحي للتجارة
A100: =ROW()-3 -> 97 | B100: 1096 | C100: 2484400714 | D100: تحويل بنك | E100: محمد أنس علي | F100: الأندلس | G100: 1200 | H100: 0 | K100: 800 | L100: 2000 | M100: مؤسسة عبدالرحمن سلطان عبدالرحمن الرزيحي للتجارة
A101: 1097 | B101: 1097 | C101: 2484400839 | D101: تحويل بنك | E101: مد شبوزا | F101: لبن | G101: 1000 | H101: 0 | K101: 650 | L101: 1650 | M101: مؤسسة عبدالرحمن سلطان عبدالرحمن الرزيحي للتجارة
A102: =ROW()-3 -> 99 | B102: 1098 | C102: 2479860518 | D102: تحويل بنك | E102: محمد فاروق حسين | F102: لبن | G102: 1200 | H102: 0 | K102: 800 | L102: 2000 | M102: مؤسسة عبدالرحمن سلطان عبدالرحمن الرزيحي للتجارة
...

Sheet تكاليف السعودة
A1: كشف تكاليف الموظفين
A3: م | B3: الرقم الوظيفي | C3: أسم الموظف | D3: الشركة | E3: الراتب | F3: اشتراك التامينات الاجتماعية | G3: التامين الطبي | H3: مجموع التكلفة شهري | I3: حالة الموظف
A4: =ROW()-3 -> 1 | B4: 1008 | C4: =VLOOKUP(B4,'[1]اسماء الموظفين'!$B$8:$O$1001,2,0) -> فوزية هزال عيسي الهزال | D4: =VLOOKUP(B4,'[2]المقيمين النشطين'!$B$2:$Q$387,15,0) -> شركة ريال البركة للتجارة | E4: =VLOOKUP(B4,[3]سعودة!$B$9:$E$504,4,0) -> 2000 | F4: =4000*22% -> 880 | G4: =7652/12 -> 637.66667 | H4: =SUM(E4:G4) -> 3517.6667 | I4: =VLOOKUP(B4,'اسماء الموظفين'!B4:AL605,37,0) -> #N/A
A5: =ROW()-3 -> 2 | B5: 1013 | C5: =VLOOKUP(B5,'[1]اسماء الموظفين'!$B$8:$O$1001,2,0) -> منال سلطان عبدالرحمن الرزيحي | D5: =VLOOKUP(B5,'[2]المقيمين النشطين'!$B$2:$Q$387,15,0) -> شركة ريال البركة للتجارة | E5: =VLOOKUP(B5,[3]سعودة!$B$9:$E$504,4,0) -> 1000 | F5: =4000*22% -> 880 | H5: =SUM(E5:G5) -> 1880
A6: =ROW()-3 -> 3 | B6: 1037 | C6: =VLOOKUP(B6,'[1]اسماء الموظفين'!$B$8:$O$1001,2,0) -> نوف عبدالرحمن صالح الرزيحي | D6: =VLOOKUP(B6,'[2]المقيمين النشطين'!$B$2:$Q$387,15,0) -> شركة ريال البركة للتجارة | E6: =VLOOKUP(B6,[3]سعودة!$B$9:$E$504,4,0) -> 2000 | F6: =4000*22% -> 880 | H6: =SUM(E6:G6) -> 2880
A7: =ROW()-3 -> 4 | B7: 1040 | C7: =VLOOKUP(B7,'[1]اسماء الموظفين'!$B$8:$O$1001,2,0) -> فاطمه محمد عبدالعزيز الشليل | D7: =VLOOKUP(B7,'[2]المقيمين النشطين'!$B$2:$Q$387,15,0) -> شركة ريال البركة للتجارة | E7: =VLOOKUP(B7,[3]سعودة!$B$9:$E$504,4,0) -> 1000 | F7: =4000*22% -> 880 | G7: =655/12 -> 54.583333 | H7: =SUM(E7:G7) -> 1934.5833
A8: =ROW()-3 -> 5 | B8: 1042 | C8: =VLOOKUP(B8,'[1]اسماء الموظفين'!$B$8:$O$1001,2,0) -> هياء سليمان صالح المريشد | D8: =VLOOKUP(B8,'[2]المقيمين النشطين'!$B$2:$Q$387,15,0) -> شركة ريال البركة للتجارة | E8: =VLOOKUP(B8,[3]سعودة!$B$9:$E$504,4,0) -> 1000 | F8: =4000*22% -> 880 | G8: =596/12 -> 49.666667 | H8: =SUM(E8:G8) -> 1929.6667
A9: =ROW()-3 -> 6 | B9: 1046 | C9: =VLOOKUP(B9,'[1]اسماء الموظفين'!$B$8:$O$1001,2,0) -> سليمان صالح سليمان المريشد | D9: =VLOOKUP(B9,'[2]المقيمين النشطين'!$B$2:$Q$387,15,0) -> شركة ريال البركة للتجارة | E9: =VLOOKUP(B9,[3]سعودة!$B$9:$E$504,4,0) -> 1500 | F9: =4000*22% -> 880 | G9: =1229/12 -> 102.41667 | H9: =SUM(E9:G9) -> 2482.4167
A10: =ROW()-3 -> 7 | B10: 1101 | C10: =VLOOKUP(B10,'[1]اسماء الموظفين'!$B$8:$O$1001,2,0) -> فاطمة إبراهيم سعود العبودي | D10: =VLOOKUP(B10,'[2]المقيمين النشطين'!$B$2:$Q$387,15,0) -> شركة ريال البركة للتجارة | E10: =VLOOKUP(B10,[3]سعودة!$B$9:$E$504,4,0) -> 1000 | F10: =4000*22% -> 880 | G10: =596/12 -> 49.666667 | H10: =SUM(E10:G10) -> 1929.6667
A11: =ROW()-3 -> 8 | B11: 1103 | C11: =VLOOKUP(B11,'[1]اسماء الموظفين'!$B$8:$O$1001,2,0) -> شهد سلطان عبدالرحمن الرزيحي | D11: =VLOOKUP(B11,'[2]المقيمين النشطين'!$B$2:$Q$387,15,0) -> شركة ريال البركة للتجارة | E11: =VLOOKUP(B11,[3]سعودة!$B$9:$E$504,4,0) -> 1000 | F11: =4000*22% -> 880 | G11: =2019/12 -> 168.25 | H11: =SUM(E11:G11) -> 2048.25
A12: =ROW()-3 -> 9 | B12: 1121 | C12: =VLOOKUP(B12,'[1]اسماء الموظفين'!$B$8:$O$1001,2,0) -> عبدالله سعد عبدالرحمن الرزيحي | D12: =VLOOKUP(B12,'[2]المقيمين النشطين'!$B$2:$Q$387,15,0) -> مؤسسة عبدالرحمن سلطان عبدالرحمن الرزيحي للتجارة | E12: =VLOOKUP(B12,[3]سعودة!$B$9:$E$504,4,0) -> 1000 | F12: =4000*22% -> 880 | H12: =SUM(E12:G12) -> 1880
A13: =ROW()-3 -> 10 | B13: 1122 | C13: =VLOOKUP(B13,'[1]اسماء الموظفين'!$B$8:$O$1001,2,0) -> حصه خالد يوسف الزيد | D13: =VLOOKUP(B13,'[2]المقيمين النشطين'!$B$2:$Q$387,15,0) -> مؤسسة عبدالرحمن سلطان عبدالرحمن الرزيحي للتجارة | E13: =VLOOKUP(B13,[3]سعودة!$B$9:$E$504,4,0) -> 3000 | F13: =4000*22% -> 880 | H13: =SUM(E13:G13) -> 3880
A14: =ROW()-3 -> 11 | B14: 1146 | C14: =VLOOKUP(B14,'[1]اسماء الموظفين'!$B$8:$O$1001,2,0) -> مشاعل زيد زيدان الهلالي | D14: =VLOOKUP(B14,'[2]المقيمين النشطين'!$B$2:$Q$387,15,0) -> شركة ريال البركة للتجارة | E14: =VLOOKUP(B14,[3]سعودة!$B$9:$E$504,4,0) -> 1000 | F14: =4000*22% -> 880 | H14: =SUM(E14:G14) -> 1880
A15: =ROW()-3 -> 12 | B15: 1147 | C15: =VLOOKUP(B15,'[1]اسماء الموظفين'!$B$8:$O$1001,2,0) -> منيره حسن عبدالله قعود | D15: =VLOOKUP(B15,'[2]المقيمين النشطين'!$B$2:$Q$387,15,0) -> شركة ريال البركة للتجارة | E15: =VLOOKUP(B15,[3]سعودة!$B$9:$E$504,4,0) -> 1000 | F15: =4000*22% -> 880 | H15: =SUM(E15:G15) -> 1880
A16: =ROW()-3 -> 13 | B16: 1148 | C16: =VLOOKUP(B16,'[1]اسماء الموظفين'!$B$8:$O$1001,2,0) -> مرام ناصر عبدالرحمن السلمان | D16: =VLOOKUP(B16,'[2]المقيمين النشطين'!$B$2:$Q$387,15,0) -> شركة ريال البركة للتجارة | E16: =VLOOKUP(B16,[3]سعودة!$B$9:$E$504,4,0) -> 1000 | F16: =4000*22% -> 880 | H16: =SUM(E16:G16) -> 1880
A17: =ROW()-3 -> 14 | B17: 1149 | C17: =VLOOKUP(B17,'[1]اسماء الموظفين'!$B$8:$O$1001,2,0) -> أميرة احمد محمد السميح | D17: =VLOOKUP(B17,'[2]المقيمين النشطين'!$B$2:$Q$387,15,0) -> شركة أدفان للصناعة ( شركة شخص واحد ) | E17: =VLOOKUP(B17,[3]سعودة!$B$9:$E$504,4,0) -> 1000 | F17: =4000*22% -> 880 | H17: =SUM(E17:G17) -> 1880
A18: =ROW()-3 -> 15 | B18: 1150 | C18: =VLOOKUP(B18,'[1]اسماء الموظفين'!$B$8:$O$1001,2,0) -> نوره عبدالعزيز حسين ابوساق | D18: =VLOOKUP(B18,'[2]المقيمين النشطين'!$B$2:$Q$387,15,0) -> شركة أدفان للصناعة ( شركة شخص واحد ) | E18: =VLOOKUP(B18,[3]سعودة!$B$9:$E$504,4,0) -> 1000 | F18: =4000*22% -> 880 | H18: =SUM(E18:G18) -> 1880
A19: =ROW()-3 -> 16 | B19: 1151 | C19: =VLOOKUP(B19,'[1]اسماء الموظفين'!$B$8:$O$1001,2,0) -> ريم عبدالعزيز حسين أبوساق | D19: =VLOOKUP(B19,'[2]المقيمين النشطين'!$B$2:$Q$387,15,0) -> مؤسسة سلطان عبدالرحمن صالح الرزيحي للتجارة | E19: =VLOOKUP(B19,[3]سعودة!$B$9:$E$504,4,0) -> 1000 | F19: =4000*22% -> 880 | G19: =1038.29/12 -> 86.524167 | H19: =SUM(E19:G19) -> 1966.5242
A20: =ROW()-3 -> 17 | B20: 1155 | C20: =VLOOKUP(B20,'[1]اسماء الموظفين'!$B$8:$O$1001,2,0) -> ساره ناصر سليمان الوهيبي | D20: =VLOOKUP(B20,'[2]المقيمين النشطين'!$B$2:$Q$387,15,0) -> شركة أدفان للصناعة ( شركة شخص واحد ) | E20: =VLOOKUP(B20,[3]سعودة!$B$9:$E$504,4,0) -> 1000 | F20: =4000*22% -> 880 | H20: =SUM(E20:G20) -> 1880
A21: =ROW()-3 -> 18 | B21: 1156 | C21: =VLOOKUP(B21,'[1]اسماء الموظفين'!$B$8:$O$1001,2,0) -> هديل سليمان صالح المريشد | D21: =VLOOKUP(B21,'[2]المقيمين النشطين'!$B$2:$Q$387,15,0) -> شركة ريال البركة للتجارة | E21: =VLOOKUP(B21,[3]سعودة!$B$9:$E$504,4,0) -> 1000 | F21: =4000*22% -> 880 | H21: =SUM(E21:G21) -> 1880
A22: =ROW()-3 -> 19 | B22: 1161 | C22: =VLOOKUP(B22,'[1]اسماء الموظفين'!$B$8:$O$1001,2,0) -> عبدالمجيد محمد عبدالله النمي | D22: =VLOOKUP(B22,'[2]المقيمين النشطين'!$B$2:$Q$387,15,0) -> شركة ريال البركة للتجارة | E22: =VLOOKUP(B22,[3]سعودة!$B$9:$E$504,4,0) -> 1000 | F22: =4000*22% -> 880 | H22: =SUM(E22:G22) -> 1880
A23: =ROW()-3 -> 20 | B23: 1162 | C23: =VLOOKUP(B23,'[1]اسماء الموظفين'!$B$8:$O$1001,2,0) -> ريم عبدالرحمن صالح الفنتوخ | D23: =VLOOKUP(B23,'[2]المقيمين النشطين'!$B$2:$Q$387,15,0) -> شركة أدفان للصناعة ( شركة شخص واحد ) | E23: =VLOOKUP(B23,[3]سعودة!$B$9:$E$504,4,0) -> 1000 | F23: =4000*22% -> 880 | H23: =SUM(E23:G23) -> 1880
A24: =ROW()-3 -> 21 | B24: 1163 | C24: =VLOOKUP(B24,'[1]اسماء الموظفين'!$B$8:$O$1001,2,0) -> لطيفه عبدالله عبدالرحمن رشيد | D24: =VLOOKUP(B24,'[2]المقيمين النشطين'!$B$2:$Q$387,15,0) -> شركة ريال البركة للتجارة | E24: =VLOOKUP(B24,[3]سعودة!$B$9:$E$504,4,0) -> 1500 | F24: =4000*22% -> 880 | H24: =SUM(E24:G24) -> 2380
A25: =ROW()-3 -> 22 | B25: 1202 | C25: =VLOOKUP(B25,'[1]اسماء الموظفين'!$B$8:$O$1001,2,0) -> اثير إبراهيم سعود العبودي | D25: =VLOOKUP(B25,'[2]المقيمين النشطين'!$B$2:$Q$387,15,0) -> مصنع سلطان عبدالرحمن صالح الرزيحي للمنتجات الورقية | E25: =VLOOKUP(B25,[3]سعودة!$B$9:$E$504,4,0) -> 1000 | F25: =4000*22% -> 880 | G25: =806.64/12 -> 67.22 | H25: =SUM(E25:G25) -> 1947.22
A26: =ROW()-3 -> 23 | B26: 1203 | C26: =VLOOKUP(B26,'[1]اسماء الموظفين'!$B$8:$O$1001,2,0) -> منال عبدالعزيز ابراهيم الطلاسي | D26: =VLOOKUP(B26,'[2]المقيمين النشطين'!$B$2:$Q$387,15,0) -> مصنع سلطان عبدالرحمن صالح الرزيحي للمنتجات الورقية | E26: =VLOOKUP(B26,[3]سعودة!$B$9:$E$504,4,0) -> 1000 | F26: =4000*22% -> 880 | H26: =SUM(E26:G26) -> 1880
A27: =ROW()-3 -> 24 | B27: 1254 | C27: =VLOOKUP(B27,'[1]اسماء الموظفين'!$B$8:$O$1001,2,0) -> نوف حسن عبدالله قعود | D27: =VLOOKUP(B27,'[2]المقيمين النشطين'!$B$2:$Q$387,15,0) -> شركة ريال البركة للتجارة | E27: =VLOOKUP(B27,[3]سعودة!$B$9:$E$504,4,0) -> 1120 | F27: =4000*22% -> 880 | H27: =SUM(E27:G27) -> 2000
A28: =ROW()-3 -> 25 | B28: 1274 | C28: =VLOOKUP(B28,'[1]اسماء الموظفين'!$B$8:$O$1001,2,0) -> منصور محمد يحي حكمي | D28: =VLOOKUP(B28,'[2]المقيمين النشطين'!$B$2:$Q$387,15,0) -> شركة ريال البركة للتجارة | E28: =VLOOKUP(B28,[3]سعودة!$B$9:$E$504,4,0) -> 1000 | F28: =4000*22% -> 880 | H28: =SUM(E28:G28) -> 1880
A29: =ROW()-3 -> 26 | B29: 1277 | C29: =VLOOKUP(B29,'[1]اسماء الموظفين'!$B$8:$O$1001,2,0) -> منى احمد محمد السميح | D29: =VLOOKUP(B29,'[2]المقيمين النشطين'!$B$2:$Q$387,15,0) -> شركة ريال البركة للتجارة | E29: =VLOOKUP(B29,[3]سعودة!$B$9:$E$504,4,0) -> 1000 | F29: =4000*22% -> 880 | H29: =SUM(E29:G29) -> 1880
A30: =ROW()-3 -> 27 | B30: 1284 | C30: =VLOOKUP(B30,'[1]اسماء الموظفين'!$B$8:$O$1001,2,0) -> نوره محمد عبدالله النمي | D30: =VLOOKUP(B30,'[2]المقيمين النشطين'!$B$2:$Q$387,15,0) -> شركة ريال البركة للتجارة | E30: =VLOOKUP(B30,[3]سعودة!$B$9:$E$504,4,0) -> 1000 | F30: =4000*22% -> 880 | H30: =SUM(E30:G30) -> 1880
A31: =ROW()-3 -> 28 | B31: 1298 | C31: =VLOOKUP(B31,'[1]اسماء الموظفين'!$B$8:$O$1001,2,0) -> احلام ذياب يوسف الزهراني | D31: =VLOOKUP(B31,'[2]المقيمين النشطين'!$B$2:$Q$387,15,0) -> شركة ريال البركة للتجارة | E31: =VLOOKUP(B31,[3]سعودة!$B$9:$E$504,4,0) -> 1000 | F31: =4000*22% -> 880 | H31: =SUM(E31:G31) -> 1880
A32: =ROW()-3 -> 29 | B32: 1301 | C32: =VLOOKUP(B32,'[1]اسماء الموظفين'!$B$8:$O$1001,2,0) -> وعد سعد عبدالله الهويمل | D32: =VLOOKUP(B32,'[2]المقيمين النشطين'!$B$2:$Q$387,15,0) -> شركة ريال البركة للتجارة | E32: =VLOOKUP(B32,[3]سعودة!$B$9:$E$504,4,0) -> 1000 | F32: =4000*22% -> 880 | H32: =SUM(E32:G32) -> 1880
A33: =ROW()-3 -> 30 | B33: 1302 | C33: =VLOOKUP(B33,'[1]اسماء الموظفين'!$B$8:$O$1001,2,0) -> خلود عبدالرحمن سعود الجبيرى | D33: =VLOOKUP(B33,'[2]المقيمين النشطين'!$B$2:$Q$387,15,0) -> شركة ريال البركة للتجارة | E33: =VLOOKUP(B33,[3]سعودة!$B$9:$E$504,4,0) -> 1000 | F33: =4000*22% -> 880 | H33: =SUM(E33:G33) -> 1880
A34: =ROW()-3 -> 31 | B34: 1306 | C34: =VLOOKUP(B34,'[1]اسماء الموظفين'!$B$8:$O$1001,2,0) -> الهام سليمان فهد الطريمان | D34: =VLOOKUP(B34,'[2]المقيمين النشطين'!$B$2:$Q$387,15,0) -> شركة ريال البركة للتجارة | E34: =VLOOKUP(B34,[3]سعودة!$B$9:$E$504,4,0) -> 1000 | F34: =4000*22% -> 880 | H34: =SUM(E34:G34) -> 1880
A35: =ROW()-3 -> 32 | B35: 1307 | C35: =VLOOKUP(B35,'[1]اسماء الموظفين'!$B$8:$O$1001,2,0) -> وفاء عبدالرحمن سعود الجبيرى | D35: =VLOOKUP(B35,'[2]المقيمين النشطين'!$B$2:$Q$387,15,0) -> شركة ريال البركة للتجارة | E35: =VLOOKUP(B35,[3]سعودة!$B$9:$E$504,4,0) -> 1000 | F35: =4000*22% -> 880 | H35: =SUM(E35:G35) -> 1880
A36: =ROW()-3 -> 33 | B36: 1308 | C36: =VLOOKUP(B36,'[1]اسماء الموظفين'!$B$8:$O$1001,2,0) -> رولا سعد عبدالله بن هويمل | D36: =VLOOKUP(B36,'[2]المقيمين النشطين'!$B$2:$Q$387,15,0) -> شركة ريال البركة للتجارة | E36: =VLOOKUP(B36,[3]سعودة!$B$9:$E$504,4,0) -> 1000 | F36: =4000*22% -> 880 | H36: =SUM(E36:G36) -> 1880
A37: =ROW()-3 -> 34 | B37: 1350 | C37: =VLOOKUP(B37,'[1]اسماء الموظفين'!$B$8:$O$1001,2,0) -> رقيه علي مهدي سماني | D37: =VLOOKUP(B37,'[2]المقيمين النشطين'!$B$2:$Q$387,15,0) -> مؤسسة سلطان عبدالرحمن صالح الرزيحي للتجارة | E37: =VLOOKUP(B37,[3]سعودة!$B$9:$E$504,4,0) -> 1000 | F37: =4000*22% -> 880 | H37: =SUM(E37:G37) -> 1880
... A59: =ROW()-3 -> 56 | B59: 1392 | C59: =VLOOKUP(B59,'[1]اسماء الموظفين'!$B$8:$O$1001,2,0) -> زينب محمد مغيض الحايطي | D59: =VLOOKUP(B59,'[2]المقيمين النشطين'!$B$2:$Q$387,15,0) -> مؤسسة عبدالرحمن سلطان عبدالرحمن الرزيحي للتجارة | E59: =VLOOKUP(B59,[3]سعودة!$B$9:$E$504,4,0) -> 1200 | F59: =4000*22% -> 880 | H59: =SUM(E59:G59) -> 2080
A60: =ROW()-3 -> 57 | B60: 1406 | C60: =VLOOKUP(B60,'[1]اسماء الموظفين'!$B$8:$O$1001,2,0) -> مها ناصر سعد المهيدي | D60: =VLOOKUP(B60,'[2]المقيمين النشطين'!$B$2:$Q$1000,15,0) -> شركة ريال البركة للتجارة | E60: =VLOOKUP(B60,[3]سعودة!$B$9:$E$504,4,0) -> 1000 | F60: =4000*22% -> 880 | H60: =SUM(E60:G60) -> 1880
A61: =ROW()-3 -> 58 | B61: 1435 | C61: =VLOOKUP(B61,'[1]اسماء الموظفين'!$B$8:$O$1001,2,0) -> شما عبدالعزيز عبدالرحمن آل عتيق | D61: شركة أدفان للصناعة ( شركة شخص واحد ) | E61: 0 | F61: 880 | H61: =SUM(E61:G61) -> 880
A62: =ROW()-3 -> 59
A63: الإجمالي شهري | E63: =SUM(E4:E26) -> 28000 | F63: =SUM(F4:F26) -> 20240 | G63: =SUM(G4:G26) -> 1215.9942 | H63: =SUM(H4:H27) -> 51455.994
A64: الإجمالي سنوي | E64: =E63*12 -> 336000 | F64: =F63*12 -> 242880 | G64: =SUM(G4:G26)*12 -> 14591.93 | H64: =SUM(E64:G64) -> 593471.93
D67: اسم الشركة | E67: عدد الموظفين | F67: الإجمالي
D68: شركة ريال البركة للتجارة | E68: =COUNTIF(D4:D62,$D$68) -> 27 | F68: =SUMIFS($H$4:$H$62,$D$4:$D$62,D68) -> 54942.25
D69: محل دكان الحلوي للحلويات | E69: =COUNTIF(D5:D62,$D$69) -> 0 | F69: =SUMIFS($H$4:$H$62,$D$4:$D$62,D69) -> 0
D70: مؤسسة سلطان عبدالرحمن صالح الرزيحي للتجارة | E70: =COUNTIF(D6:D62,$D$70) -> 15 | F70: =SUMIFS($H$4:$H$62,$D$4:$D$62,D70) -> 30286.524
D71: مصنع سلطان عبدالرحمن صالح الرزيحي للمنتجات الورقية | E71: =COUNTIF(D7:D62,$D$71) -> 3 | F71: =SUMIFS($H$4:$H$62,$D$4:$D$62,D71) -> 5707.22
D72: مؤسسة ممكن حلول لخدمات الأعمال | E72: =COUNTIF(D8:D63,$D$72) -> 0 | F72: =SUMIFS($H$4:$H$62,$D$4:$D$62,D72) -> 0
D73: مؤسسة عبدالرحمن سلطان عبدالرحمن الرزيحي للتجارة | E73: =COUNTIF(D8:D62,$D$73) -> 8 | F73: =SUMIFS($H$4:$H$62,$D$4:$D$62,D73) -> 17440
D74: شركة أدفان للصناعة ( شركة شخص واحد ) | E74: =COUNTIF(D9:D62,$D$74) -> 5 | F74: =SUMIFS($H$4:$H$62,$D$4:$D$62,D74) -> 8400
D75: الإجمالي | E75: =SUM(E68:E74) -> 58 | F75: =SUM(F68:F74) -> 116775.99

Sheet تكاليف المقيمين
A1: كشف تكاليف الموظفين
C2: 44197 | E2: =TODAY() -> 45228
A3: م | B3: الرقم الوظيفي | C3: أسم الموظف | D3: الجنسية | E3: الشركة | F3: المشروع | G3: الراتب | H3: اشتراك التامينات الاجتماعية | I3: التأمين الطبي | J3: الشهادة الصحية | K3: تكلفة الأجازة | L3: نهاية الخدمة | M3: تذاكر طيران | N3: نقل الكفالة | O3: جوازات | P3: رخصة العمل | Q3: تأشيرة الخروج والعودة | R3: تحمل نسبة السعودة | S3: مجموج شهري | T3: مجموع سنوي
A4: 2 | B4: 1000 | C4: =VLOOKUP(B4,'[1]اسماء الموظفين'!$B$8:$O$501,2,0) -> سلطان عبدالرحمن صالح الرزيحي | D4: =VLOOKUP(B4,'[1]اسماء الموظفين'!$B$8:$O$501,4,0) -> سعودي | E4: =VLOOKUP(B4,'[2]المقيمين النشطين'!$B$2:$Q$980,15,0) -> المالك | F4: =VLOOKUP(B4,'[1]اسماء الموظفين'!$B$8:$O$501,11,0) -> الإدارة | G4: =VLOOKUP(B4,'[3]رواتب الموظفين 2022'!$B$9:$J$1019,9,0) -> 90000 | H4: 0 | I4: 0 | J4: 0 | K4: 0 | L4: 0 | M4: 0 | O4: 0 | P4: 0 | Q4: 0 | R4: 0 | S4: =SUM(G4:R4) -> 90000 | T4: =S4*12 -> 1080000
A5: =ROW()-3 -> 2 | B5: 1001 | C5: =VLOOKUP(B5,'[1]اسماء الموظفين'!$B$8:$O$501,2,0) -> سنوار عبد المجيد | D5: =VLOOKUP(B5,'[1]اسماء الموظفين'!$B$8:$O$501,4,0) -> بنجلاديش | E5: =VLOOKUP(B5,'[2]المقيمين النشطين'!$B$2:$Q$980,15,0) -> شركة ريال البركة للتجارة | F5: =VLOOKUP(B5,'[1]اسماء الموظفين'!$B$8:$O$501,11,0) -> النسيم | G5: =VLOOKUP(B5,'[3]رواتب الموظفين 2022'!$B$9:$J$1019,9,0) -> 2500 | H5: =VLOOKUP(B5,'[3]رواتب الموظفين 2022'!$B$9:$E$438,4,0)*2% -> 36 | I5: =844/12 -> 70.333333 | J5: 0 | K5: =G5/30*21/12 -> 145.83333 | L5: =G5/2/12 -> 104.16667 | M5: =1800/24 -> 75 | O5: =650/12 -> 54.166667 | P5: =9700/12 -> 808.33333 | Q5: =VLOOKUP(B5,[4]بيان!$B$6:$G$112,4,0) -> 291.66667 | R5: =$K$329 -> 739.31703 | S5: =SUM(G5:R5) -> 4824.817 | T5: =S5*12 -> 57897.804
A6: =ROW()-3 -> 3 | B6: 1002 | C6: =VLOOKUP(B6,'[1]اسماء الموظفين'!$B$8:$O$501,2,0) -> عبدالرحمن محمد عبده السلمي | D6: =VLOOKUP(B6,'[1]اسماء الموظفين'!$B$8:$O$501,4,0) -> اليمن | E6: =VLOOKUP(B6,'[2]المقيمين النشطين'!$B$2:$Q$980,15,0) -> شركة ريال البركة للتجارة | F6: =VLOOKUP(B6,'[1]اسماء الموظفين'!$B$8:$O$501,11,0) -> جملة ريال البركة | G6: =VLOOKUP(B6,'[3]رواتب الموظفين 2022'!$B$9:$J$1019,9,0) -> 10000 | H6: =VLOOKUP(B6,'[3]رواتب الموظفين 2022'!$B$9:$E$438,4,0)*2% -> 72 | I6: =773+1958/12 -> 936.16667 | J6: 0 | K6: =G6/30*21/12 -> 583.33333 | L6: =G6/2/12 -> 416.66667 | M6: =1800/24 -> 75 | O6: =650/12 -> 54.166667 | P6: =9700/12 -> 808.33333 | Q6: =12000/12 -> 1000 | R6: =$K$329 -> 739.31703 | S6: =SUM(G6:R6) -> 14684.984 | T6: =S6*12 -> 176219.8
A7: =ROW()-3 -> 4 | B7: 1003 | C7: =VLOOKUP(B7,'[1]اسماء الموظفين'!$B$8:$O$501,2,0) -> سليم عبده علي الرعوي | D7: =VLOOKUP(B7,'[1]اسماء الموظفين'!$B$8:$O$501,4,0) -> اليمن | E7: =VLOOKUP(B7,'[2]المقيمين النشطين'!$B$2:$Q$980,15,0) -> شركة ريال البركة للتجارة | F7: =VLOOKUP(B7,'[1]اسماء الموظفين'!$B$8:$O$501,11,0) -> الإدارة | G7: =VLOOKUP(B7,'[3]رواتب الموظفين 2022'!$B$9:$J$1019,9,0) -> 10000 | H7: =VLOOKUP(B7,'[3]رواتب الموظفين 2022'!$B$9:$E$438,4,0)*2% -> 72 | I7: =533+520+773+2233/12 -> 2012.0833 | J7: 0 | K7: =G7/30*21/12 -> 583.33333 | L7: =G7/2/12 -> 416.66667 | M7: =1500/12 -> 125 | O7: =650/12 -> 54.166667 | P7: =9700/12 -> 808.33333 | Q7: =12000/12 -> 1000 | R7: =$K$329 -> 739.31703 | S7: =SUM(G7:R7) -> 15810.9 | T7: =S7*12 -> 189730.8
A8: =ROW()-3 -> 5 | B8: 1004 | C8: =VLOOKUP(B8,'[1]اسماء الموظفين'!$B$8:$O$501,2,0) -> مصطفى عبده علي صالح | D8: =VLOOKUP(B8,'[1]اسماء الموظفين'!$B$8:$O$501,4,0) -> اليمن | E8: =VLOOKUP(B8,'[2]المقيمين النشطين'!$B$2:$Q$980,15,0) -> شركة ريال البركة للتجارة | F8: =VLOOKUP(B8,'[1]اسماء الموظفين'!$B$8:$O$501,11,0) -> جملة ريال البركة | G8: =VLOOKUP(B8,'[3]رواتب الموظفين 2022'!$B$9:$J$1019,9,0) -> 8000 | H8: =VLOOKUP(B8,'[3]رواتب الموظفين 2022'!$B$9:$E$438,4,0)*2% -> 72 | I8: =773/12 -> 64.416667 | J8: 0 | K8: =G8/30*21/12 -> 466.66667 | L8: =G8/2/12 -> 333.33333 | M8: =1500/24 -> 62.5 | O8: =650/12 -> 54.166667 | P8: =9700/12 -> 808.33333 | Q8: =VLOOKUP(B8,[4]بيان!$B$6:$G$112,4,0) -> 96.491228 | R8: =$K$329 -> 739.31703 | S8: =SUM(G8:R8) -> 10697.225 | T8: =S8*12 -> 128366.7
A9: =ROW()-3 -> 6 | B9: 1005 | C9: =VLOOKUP(B9,'[1]اسماء الموظفين'!$B$8:$O$501,2,0) -> عبدالسلام محمد سعيد ناجي | D9: =VLOOKUP(B9,'[1]اسماء الموظفين'!$B$8:$O$501,4,0) -> اليمن | E9: =VLOOKUP(B9,'[2]المقيمين النشطين'!$B$2:$Q$980,15,0) -> مؤسسة سلطان عبدالرحمن صالح الرزيحي للتجارة | F9: =VLOOKUP(B9,'[1]اسماء الموظفين'!$B$8:$O$501,11,0) -> جملة سلطان/السويلم | G9: =VLOOKUP(B9,'[3]رواتب الموظفين 2022'!$B$9:$J$1019,9,0) -> 4500 | H9: =VLOOKUP(B9,'[3]رواتب الموظفين 2022'!$B$9:$E$438,4,0)*2% -> 50 | I9: =542.14+642/12 -> 595.64 | J9: 0 | K9: =G9/30*21/12 -> 262.5 | L9: =G9/2/12 -> 187.5 | M9: =1500/24 -> 62.5 | O9: =650/12 -> 54.166667 | P9: =9700/12 -> 808.33333 | Q9: =VLOOKUP(B9,[4]بيان!$B$6:$G$112,4,0) -> 312.5 | R9: =$K$329 -> 739.31703 | S9: =SUM(G9:R9) -> 7572.457 | T9: =S9*12 -> 90869.484
A10: =ROW()-3 -> 7 | B10: 1006 | C10: =VLOOKUP(B10,'[1]اسماء الموظفين'!$B$8:$O$501,2,0) -> بلال صالح حمود الفهد | D10: =VLOOKUP(B10,'[1]اسماء الموظفين'!$B$8:$O$501,4,0) -> اليمن | E10: =VLOOKUP(B10,'[2]المقيمين النشطين'!$B$2:$Q$980,15,0) -> شركة ريال البركة للتجارة | F10: =VLOOKUP(B10,'[1]اسماء الموظفين'!$B$8:$O$501,11,0) -> النسيم 2 | G10: =VLOOKUP(B10,'[3]رواتب الموظفين 2022'!$B$9:$J$1019,9,0) -> 2800 | H10: =VLOOKUP(B10,'[3]رواتب الموظفين 2022'!$B$9:$E$438,4,0)*2% -> 40 | I10: =550.02/12 -> 45.835 | J10: =220/12 -> 18.333333 | K10: =G10/30*21/12 -> 163.33333 | L10: =G10/2/12 -> 116.66667 | M10: =1500/24 -> 62.5 | O10: =650/12 -> 54.166667 | P10: =9700/12 -> 808.33333 | Q10: =VLOOKUP(B10,[4]بيان!$B$6:$G$112,4,0) -> 187.5 | R10: =$K$329 -> 739.31703 | S10: =SUM(G10:R10) -> 5035.9854 | T10: =S10*12 -> 60431.824
A11: =ROW()-3 -> 8 | B11: 1007 | C11: =VLOOKUP(B11,'[1]اسماء الموظفين'!$B$8:$O$501,2,0) -> محمد عبدالدائم محمد عبدالرحمن | D11: =VLOOKUP(B11,'[1]اسماء الموظفين'!$B$8:$O$501,4,0) -> اليمن | E11: =VLOOKUP(B11,'[2]المقيمين النشطين'!$B$2:$Q$980,15,0) -> شركة ريال البركة للتجارة | F11: =VLOOKUP(B11,'[1]اسماء الموظفين'!$B$8:$O$501,11,0) -> مستودع عكاظ 23 | G11: =VLOOKUP(B11,'[3]رواتب الموظفين 2022'!$B$9:$J$1019,9,0) -> 1000 | H11: =VLOOKUP(B11,'[3]رواتب الموظفين 2022'!$B$9:$E$438,4,0)*2% -> 20 | I11: =773+533+1958+623/12 -> 3315.9167 | J11: 0 | K11: 0 | L11: 0 | M11: 0 | O11: 0 | P11: 0 | Q11: 0 | R11: =$K$329 -> 739.31703 | S11: =SUM(G11:R11) -> 5075.2337 | T11: =S11*12 -> 60902.804
A12: =ROW()-3 -> 9 | B12: 1009 | C12: =VLOOKUP(B12,'[1]اسماء الموظفين'!$B$8:$O$501,2,0) -> اسد الزمان علي | D12: =VLOOKUP(B12,'[1]اسماء الموظفين'!$B$8:$O$501,4,0) -> بنجلاديش | E12: =VLOOKUP(B12,'[2]المقيمين النشطين'!$B$2:$Q$980,15,0) -> شركة ريال البركة للتجارة | F12: =VLOOKUP(B12,'[1]اسماء الموظفين'!$B$8:$O$501,11,0) -> أونلاين | G12: =VLOOKUP(B12,'[3]رواتب الموظفين 2022'!$B$9:$J$1019,9,0) -> 2200 | H12: =VLOOKUP(B12,'[3]رواتب الموظفين 2022'!$B$9:$E$438,4,0)*2% -> 32 | I12: =1229/12 -> 102.41667 | J12: 0 | K12: =G12/30*21/12 -> 128.33333 | L12: =G12/2/12 -> 91.666667 | M12: =1800/24 -> 75 | O12: =650/12 -> 54.166667 | P12: =9700/12 -> 808.33333 | Q12: =VLOOKUP(B12,[4]بيان!$B$6:$G$112,4,0) -> 96.491228 | R12: =$K$329 -> 739.31703 | S12: =SUM(G12:R12) -> 4327.7249 | T12: =S12*12 -> 51932.699
A13: =ROW()-3 -> 10 | B13: 1010 | C13: =VLOOKUP(B13,'[1]اسماء الموظفين'!$B$8:$O$501,2,0) -> تفضل ولي | D13: =VLOOKUP(B13,'[1]اسماء الموظفين'!$B$8:$O$501,4,0) -> بنجلاديش | E13: =VLOOKUP(B13,'[2]المقيمين النشطين'!$B$2:$Q$980,15,0) -> مؤسسة سلطان عبدالرحمن صالح الرزيحي للتجارة | F13: =VLOOKUP(B13,'[1]اسماء الموظفين'!$B$8:$O$501,11,0) -> جملة سلطان/السويلم | G13: =VLOOKUP(B13,'[3]رواتب الموظفين 2022'!$B$9:$J$1019,9,0) -> 2200 | H13: =VLOOKUP(B13,'[3]رواتب الموظفين 2022'!$B$9:$E$438,4,0)*2% -> 32 | I13: =1237.07/12 -> 103.08917 | J13: 0 | K13: =G13/30*21/12 -> 128.33333 | L13: =G13/2/12 -> 91.666667 | M13: =1800/24 -> 75 | O13: =650/12 -> 54.166667 | P13: =9700/12 -> 808.33333 | Q13: =VLOOKUP(B13,[4]بيان!$B$6:$G$112,4,0) -> 312.5 | R13: =$K$329 -> 739.31703 | S13: =SUM(G13:R13) -> 4544.4062 | T13: =S13*12 -> 54532.874
A14: =ROW()-3 -> 11 | B14: 1011 | C14: =VLOOKUP(B14,'[1]اسماء الموظفين'!$B$8:$O$501,2,0) -> أيمن محمد فتحي خلف | D14: =VLOOKUP(B14,'[1]اسماء الموظفين'!$B$8:$O$501,4,0) -> مصر | E14: =VLOOKUP(B14,'[2]المقيمين النشطين'!$B$2:$Q$980,15,0) -> دوام جزئي | F14: =VLOOKUP(B14,'[1]اسماء الموظفين'!$B$8:$O$501,11,0) -> الإدارة | G14: =VLOOKUP(B14,'[3]رواتب الموظفين 2022'!$B$9:$J$1019,9,0) -> 3000 | H14: 0 | I14: 0 | J14: 0 | K14: 0 | L14: 0 | M14: 0 | N14: 0 | O14: 0 | P14: 0 | Q14: 0 | R14: 0 | S14: =SUM(G14:R14) -> 3000 | T14: =S14*12 -> 36000
A15: =ROW()-3 -> 12 | B15: 1012 | C15: =VLOOKUP(B15,'[1]اسماء الموظفين'!$B$8:$O$501,2,0) -> نوبي امير شيخ | D15: =VLOOKUP(B15,'[1]اسماء الموظفين'!$B$8:$O$501,4,0) -> الهند | E15: =VLOOKUP(B15,'[2]المقيمين النشطين'!$B$2:$Q$980,15,0) -> شركة ريال البركة للتجارة | F15: =VLOOKUP(B15,'[1]اسماء الموظفين'!$B$8:$O$501,11,0) -> العنود | G15: =VLOOKUP(B15,'[3]رواتب الموظفين 2022'!$B$9:$J$1019,9,0) -> 1900 | H15: =VLOOKUP(B15,'[3]رواتب الموظفين 2022'!$B$9:$E$438,4,0)*2% -> 28 | I15: =480/12 -> 40 | J15: 0 | K15: =G15/30*21/12 -> 110.83333 | L15: =G15/2/12 -> 79.166667 | M15: =1800/24 -> 75 | O15: =650/12 -> 54.166667 | P15: =9700/12 -> 808.33333 | Q15: =VLOOKUP(B15,[4]بيان!$B$6:$G$112,4,0) -> 325 | R15: =$K$329 -> 739.31703 | S15: =SUM(G15:R15) -> 4159.817 | T15: =S15*12 -> 49917.804
A16: =ROW()-3 -> 13 | B16: 1015 | C16: =VLOOKUP(B16,'[1]اسماء الموظفين'!$B$8:$O$501,2,0) -> عجيب بيلافي | D16: =VLOOKUP(B16,'[1]اسماء الموظفين'!$B$8:$O$501,4,0) -> الهند | E16: =VLOOKUP(B16,'[2]المقيمين النشطين'!$B$2:$Q$980,15,0) -> شركة ريال البركة للتجارة | F16: =VLOOKUP(B16,'[1]اسماء الموظفين'!$B$8:$O$501,11,0) -> جملة ريال البركة | G16: =VLOOKUP(B16,'[3]رواتب الموظفين 2022'!$B$9:$J$1019,9,0) -> 2500 | H16: =VLOOKUP(B16,'[3]رواتب الموظفين 2022'!$B$9:$E$438,4,0)*2% -> 32 | I16: =145.38/12 -> 12.115 | J16: 0 | K16: =G16/30*21/12 -> 145.83333 | L16: =G16/2/12 -> 104.16667 | M16: =1800/24 -> 75 | O16: =650/12 -> 54.166667 | P16: =9700/12 -> 808.33333 | Q16: =VLOOKUP(B16,[4]بيان!$B$6:$G$112,4,0) -> 96.491228 | R16: =$K$329 -> 739.31703 | S16: =SUM(G16:R16) -> 4567.4233 | T16: =S16*12 -> 54809.079
A17: =ROW()-3 -> 14 | B17: 1016 | C17: =VLOOKUP(B17,'[1]اسماء الموظفين'!$B$8:$O$501,2,0) -> معشوق أحمد أنصاري | D17: =VLOOKUP(B17,'[1]اسماء الموظفين'!$B$8:$O$501,4,0) -> هندي | E17: =VLOOKUP(B17,'[2]المقيمين النشطين'!$B$2:$Q$980,15,0) -> سعد عبدالرحمن صالح الرزيحي | F17: =VLOOKUP(B17,'[1]اسماء الموظفين'!$B$8:$O$501,11,0) -> الإستراحة | G17: =VLOOKUP(B17,'[3]رواتب الموظفين 2022'!$B$9:$J$1019,9,0) -> 1800 | H17: 0 | I17: 0 | J17: 0 | K17: =G17/30*21/12 -> 105 | L17: =G17/2/12 -> 75 | M17: =1800/24 -> 75 | O17: =600/12 -> 50 | Q17: 0 | R17: 0 | S17: =SUM(G17:R17) -> 2105 | T17: =S17*12 -> 25260
A18: =ROW()-3 -> 15 | B18: 1017 | C18: =VLOOKUP(B18,'[1]اسماء الموظفين'!$B$8:$O$501,2,0) -> جهانقير عبد الرزاق بادي | D18: =VLOOKUP(B18,'[1]اسماء الموظفين'!$B$8:$O$501,4,0) -> بنجلاديش | E18: =VLOOKUP(B18,'[2]المقيمين النشطين'!$B$2:$Q$980,15,0) -> شركة ريال البركة للتجارة | F18: =VLOOKUP(B18,'[1]اسماء الموظفين'!$B$8:$O$501,11,0) -> الدائري الغربي | G18: =VLOOKUP(B18,'[3]رواتب الموظفين 2022'!$B$9:$J$1019,9,0) -> 2000 | H18: =VLOOKUP(B18,'[3]رواتب الموظفين 2022'!$B$9:$E$438,4,0)*2% -> 26 | I18: =367/12 -> 30.583333 | J18: 0 | K18: =G18/30*21/12 -> 116.66667 | L18: =G18/2/12 -> 83.333333 | M18: =1800/24 -> 75 | O18: =650/12 -> 54.166667 | P18: =9700/12 -> 808.33333 | Q18: =VLOOKUP(B18,[4]بيان!$B$6:$G$112,4,0) -> 291.66667 | R18: =$K$329 -> 739.31703 | S18: =SUM(G18:R18) -> 4225.067 | T18: =S18*12 -> 50700.804
A19: =ROW()-3 -> 16 | B19: 1018 | C19: =VLOOKUP(B19,'[1]اسماء الموظفين'!$B$8:$O$501,2,0) -> محمد عبدالله محمد الحبجي | D19: =VLOOKUP(B19,'[1]اسماء الموظفين'!$B$8:$O$501,4,0) -> اليمن | E19: =VLOOKUP(B19,'[2]المقيمين النشطين'!$B$2:$Q$980,15,0) -> شركة ريال البركة للتجارة | F19: =VLOOKUP(B19,'[1]اسماء الموظفين'!$B$8:$O$501,11,0) -> الإدارة | G19: =VLOOKUP(B19,'[3]رواتب الموظفين 2022'!$B$9:$J$1019,9,0) -> 5500 | H19: =VLOOKUP(B19,'[3]رواتب الموظفين 2022'!$B$9:$E$438,4,0)*2% -> 44 | J19: 0 | K19: =G19/30*21/12 -> 320.83333 | L19: =G19/2/12 -> 229.16667 | M19: =1500/12 -> 125 | O19: =650/12 -> 54.166667 | P19: =9700/12 -> 808.33333 | Q19: 0 | R19: =$K$329 -> 739.31703 | S19: =SUM(G19:R19) -> 7820.817 | T19: =S19*12 -> 93849.804
A20: =ROW()-3 -> 17 | B20: 1019 | C20: =VLOOKUP(B20,'[1]اسماء الموظفين'!$B$8:$O$501,2,0) -> رؤوف انصاري سفيدة | D20: =VLOOKUP(B20,'[1]اسماء الموظفين'!$B$8:$O$501,4,0) -> نيبال | E20: =VLOOKUP(B20,'[2]المقيمين النشطين'!$B$2:$Q$980,15,0) -> شركة ريال البركة للتجارة | F20: =VLOOKUP(B20,'[1]اسماء الموظفين'!$B$8:$O$501,11,0) -> المصنع | G20: =VLOOKUP(B20,'[3]رواتب الموظفين 2022'!$B$9:$J$1019,9,0) -> 2000 | H20: =VLOOKUP(B20,'[3]رواتب الموظفين 2022'!$B$9:$E$438,4,0)*2% -> 28 | I20: =480/12 -> 40 | J20: =1251.55/12 -> 104.29583 | K20: =G20/30*21/12 -> 116.66667 | L20: =G20/2/12 -> 83.333333 | M20: =1800/24 -> 75 | O20: =650/12 -> 54.166667 | P20: =9700/12 -> 808.33333 | Q20: 0 | R20: =$K$329 -> 739.31703 | S20: =SUM(G20:R20) -> 4049.1129 | T20: =S20*12 -> 48589.354
A21: =ROW()-3 -> 18 | B21: 1020 | C21: =VLOOKUP(B21,'[1]اسماء الموظفين'!$B$8:$O$501,2,0) -> محمد فاروق خليل | D21: =VLOOKUP(B21,'[1]اسماء الموظفين'!$B$8:$O$501,4,0) -> الهند | E21: =VLOOKUP(B21,'[2]المقيمين النشطين'!$B$2:$Q$980,15,0) -> عبدالرحمن سلطان الرزيحي | F21: =VLOOKUP(B21,'[1]اسماء الموظفين'!$B$8:$O$501,11,0) -> المصنع | G21: =VLOOKUP(B21,'[3]رواتب الموظفين 2022'!$B$9:$J$1019,9,0) -> 1700 | H21: 0 | I21: 0 | J21: 0 | K21: =G21/30*21/12 -> 99.166667 | L21: =G21/2/12 -> 70.833333 | M21: =1800/24 -> 75 | O21: =650/12 -> 54.166667 | P21: 0 | Q21: 0 | R21: 0 | S21: =SUM(G21:R21) -> 1999.1667 | T21: =S21*12 -> 23990
A22: =ROW()-3 -> 19 | B22: 1021 | C22: =VLOOKUP(B22,'[1]اسماء الموظفين'!$B$8:$O$501,2,0) -> ياسر عبدالولي قايد الغابري | D22: =VLOOKUP(B22,'[1]اسماء الموظفين'!$B$8:$O$501,4,0) -> اليمن | E22: =VLOOKUP(B22,'[2]المقيمين النشطين'!$B$2:$Q$980,15,0) -> شركة ريال البركة للتجارة | F22: =VLOOKUP(B22,'[1]اسماء الموظفين'!$B$8:$O$501,11,0) -> وكالة ممكن | G22: =VLOOKUP(B22,'[3]رواتب الموظفين 2022'!$B$9:$J$1019,9,0) -> 8000 | H22: =VLOOKUP(B22,'[3]رواتب الموظفين 2022'!$B$9:$E$438,4,0)*2% -> 72 | I22: =1824+517/12 -> 1867.0833 | J22: 0 | K22: =G22/30*21/12 -> 466.66667 | L22: =G22/2/12 -> 333.33333 | M22: =1500/12 -> 125 | O22: =650/12 -> 54.166667 | P22: =9700/12 -> 808.33333 | Q22: =7000/12 -> 583.33333 | R22: =$K$329 -> 739.31703 | S22: =SUM(G22:R22) -> 13049.234 | T22: =S22*12 -> 156590.8
A23: =ROW()-3 -> 20 | B23: 1022 | C23: =VLOOKUP(B23,'[1]اسماء الموظفين'!$B$8:$O$501,2,0) -> عمر احمد علي الشامي | D23: =VLOOKUP(B23,'[1]اسماء الموظفين'!$B$8:$O$501,4,0) -> اليمن | E23: =VLOOKUP(B23,'[2]المقيمين النشطين'!$B$2:$Q$980,15,0) -> شركة ريال البركة للتجارة | F23: =VLOOKUP(B23,'[1]اسماء الموظفين'!$B$8:$O$501,11,0) -> جملة ريال البركة | G23: =VLOOKUP(B23,'[3]رواتب الموظفين 2022'!$B$9:$J$1019,9,0) -> 5000 | H23: =VLOOKUP(B23,'[3]رواتب الموظفين 2022'!$B$9:$E$438,4,0)*2% -> 44 | J23: 0 | K23: =G23/30*21/12 -> 291.66667 | L23: =G23/2/12 -> 208.33333 | M23: =1500/24 -> 62.5 | O23: =650/12 -> 54.166667 | P23: =9700/12 -> 808.33333 | Q23: 0 | R23: =$K$329 -> 739.31703 | S23: =SUM(G23:R23) -> 7208.317 | T23: =S23*12 -> 86499.804
A24: =ROW()-3 -> 21 | B24: 1023 | C24: =VLOOKUP(B24,'[1]اسماء الموظفين'!$B$8:$O$501,2,0) -> عبدالرحمن سلطان الرزيحي | D24: =VLOOKUP(B24,'[1]اسماء الموظفين'!$B$8:$O$501,4,0) -> سعودي | E24: =VLOOKUP(B24,'[2]المقيمين النشطين'!$B$2:$Q$980,15,0) -> شركة ريال البركة للتجارة | F24: =VLOOKUP(B24,'[1]اسماء الموظفين'!$B$8:$O$501,11,0) -> الإدارة | G24: =VLOOKUP(B24,'[3]رواتب الموظفين 2022'!$B$9:$J$1019,9,0) -> 65000 | H24: =VLOOKUP(B24,'[3]رواتب الموظفين 2022'!$B$9:$E$438,4,0)*2% -> 192 | I24: 0 | J24: 0 | K24: =G24/30*21/12 -> 3791.6667 | L24: =G24/2/12 -> 2708.3333 | M24: 0 | O24: 0 | P24: 0 | Q24: 0 | R24: 0 | S24: =SUM(G24:R24) -> 71692 | T24: =S24*12 -> 860304
A25: =ROW()-3 -> 22 | B25: 1024 | C25: =VLOOKUP(B25,'[1]اسماء الموظفين'!$B$8:$O$501,2,0) -> إسماعيل دحدوح مياه | D25: =VLOOKUP(B25,'[1]اسماء الموظفين'!$B$8:$O$501,4,0) -> بنجلاديش | E25: =VLOOKUP(B25,'[2]المقيمين النشطين'!$B$2:$Q$980,15,0) -> شركة ريال البركة للتجارة | F25: =VLOOKUP(B25,'[1]اسماء الموظفين'!$B$8:$O$501,11,0) -> جملة ريال البركة | G25: =VLOOKUP(B25,'[3]رواتب الموظفين 2022'!$B$9:$J$1019,9,0) -> 1800 | H25: =VLOOKUP(B25,'[3]رواتب الموظفين 2022'!$B$9:$E$438,4,0)*2% -> 26 | I25: =480/12 -> 40 | J25: 0 | K25: =G25/30*21/12 -> 105 | L25: =G25/2/12 -> 75 | M25: =1800/24 -> 75 | O25: =650/12 -> 54.166667 | P25: =9700/12 -> 808.33333 | Q25: 0 | R25: =$K$329 -> 739.31703 | S25: =SUM(G25:R25) -> 3722.817 | T25: =S25*12 -> 44673.804
A26: =ROW()-3 -> 23 | B26: 1025 | C26: =VLOOKUP(B26,'[1]اسماء الموظفين'!$B$8:$O$501,2,0) -> فرهد حسين | D26: =VLOOKUP(B26,'[1]اسماء الموظفين'!$B$8:$O$501,4,0) -> بنجلاديش | E26: =VLOOKUP(B26,'[2]المقيمين النشطين'!$B$2:$Q$980,15,0) -> شركة ريال البركة للتجارة | F26: =VLOOKUP(B26,'[1]اسماء الموظفين'!$B$8:$O$501,11,0) -> الدائري الغربي | G26: =VLOOKUP(B26,'[3]رواتب الموظفين 2022'!$B$9:$J$1019,9,0) -> 2500 | H26: =VLOOKUP(B26,'[3]رواتب الموظفين 2022'!$B$9:$E$438,4,0)*2% -> 36 | I26: =245/12 -> 20.416667 | J26: =220/12 -> 18.333333 | K26: =G26/30*21/12 -> 145.83333 | L26: =G26/2/12 -> 104.16667 | M26: =1800/24 -> 75 | O26: =650/12 -> 54.166667 | P26: =9700/12 -> 808.33333 | Q26: =VLOOKUP(B26,[4]بيان!$B$6:$G$112,4,0) -> 183.33333 | R26: =$K$329 -> 739.31703 | S26: =SUM(G26:R26) -> 4684.9004 | T26: =S26*12 -> 56218.804
A27: =ROW()-3 -> 24 | B27: 1026 | C27: =VLOOKUP(B27,'[1]اسماء الموظفين'!$B$8:$O$501,2,0) -> أنور حسين | D27: =VLOOKUP(B27,'[1]اسماء الموظفين'!$B$8:$O$501,4,0) -> بنجلاديش | E27: =VLOOKUP(B27,'[2]المقيمين النشطين'!$B$2:$Q$980,15,0) -> شركة ريال البركة للتجارة | F27: =VLOOKUP(B27,'[1]اسماء الموظفين'!$B$8:$O$501,11,0) -> النسيم | G27: =VLOOKUP(B27,'[3]رواتب الموظفين 2022'!$B$9:$J$1019,9,0) -> 1950 | H27: =VLOOKUP(B27,'[3]رواتب الموظفين 2022'!$B$9:$E$438,4,0)*2% -> 26 | I27: =245/12 -> 20.416667 | J27: 0 | K27: =G27/30*21/12 -> 113.75 | L27: =G27/2/12 -> 81.25 | M27: =1800/24 -> 75 | O27: =650/12 -> 54.166667 | P27: =9700/12 -> 808.33333 | Q27: =VLOOKUP(B27,[4]بيان!$B$6:$G$112,4,0) -> 291.66667 | R27: =$K$329 -> 739.31703 | S27: =SUM(G27:R27) -> 4159.9004 | T27: =S27*12 -> 49918.804
A28: =ROW()-3 -> 25 | B28: 1027 | C28: =VLOOKUP(B28,'[1]اسماء الموظفين'!$B$8:$O$501,2,0) -> محمد شيمون | D28: =VLOOKUP(B28,'[1]اسماء الموظفين'!$B$8:$O$501,4,0) -> بنجلاديش | E28: =VLOOKUP(B28,'[2]المقيمين النشطين'!$B$2:$Q$980,15,0) -> شركة ريال البركة للتجارة | F28: =VLOOKUP(B28,'[1]اسماء الموظفين'!$B$8:$O$501,11,0) -> الدائري الغربي | G28: =VLOOKUP(B28,'[3]رواتب الموظفين 2022'!$B$9:$J$1019,9,0) -> 2100 | H28: =VLOOKUP(B28,'[3]رواتب الموظفين 2022'!$B$9:$E$438,4,0)*2% -> 28 | J28: =220/12 -> 18.333333 | K28: =G28/30*21/12 -> 122.5 | L28: =G28/2/12 -> 87.5 | M28: =1800/24 -> 75 | O28: =650/12 -> 54.166667 | P28: =9700/12 -> 808.33333 | Q28: =VLOOKUP(B28,[4]بيان!$B$6:$G$112,4,0) -> 183.33333 | R28: =$K$329 -> 739.31703 | S28: =SUM(G28:R28) -> 4216.4837 | T28: =S28*12 -> 50597.804
A29: =ROW()-3 -> 26 | B29: 1028 | C29: =VLOOKUP(B29,'[1]اسماء الموظفين'!$B$8:$O$501,2,0) -> فاكي أحمد بري خان | D29: =VLOOKUP(B29,'[1]اسماء الموظفين'!$B$8:$O$501,4,0) -> الهند | E29: =VLOOKUP(B29,'[2]المقيمين النشطين'!$B$2:$Q$980,15,0) -> شركة ريال البركة للتجارة | F29: =VLOOKUP(B29,'[1]اسماء الموظفين'!$B$8:$O$501,11,0) -> الدائري الغربي | G29: =VLOOKUP(B29,'[3]رواتب الموظفين 2022'!$B$9:$J$1019,9,0) -> 1900 | H29: =VLOOKUP(B29,'[3]رواتب الموظفين 2022'!$B$9:$E$438,4,0)*2% -> 30 | I29: =367/12 -> 30.583333 | J29: =220/12 -> 18.333333 | K29: =G29/30*21/12 -> 110.83333 | L29: =G29/2/12 -> 79.166667 | M29: =1800/24 -> 75 | O29: =650/12 -> 54.166667 | P29: =9700/12 -> 808.33333 | Q29: =VLOOKUP(B29,[4]بيان!$B$6:$G$112,4,0) -> 183.33333 | R29: =$K$329 -> 739.31703 | S29: =SUM(G29:R29) -> 4029.067 | T29: =S29*12 -> 48348.804
A30: =ROW()-3 -> 27 | B30: 1029 | C30: =VLOOKUP(B30,'[1]اسماء الموظفين'!$B$8:$O$501,2,0) -> محمد رفيق الإسلام | D30: =VLOOKUP(B30,'[1]اسماء الموظفين'!$B$8:$O$501,4,0) -> بنجلاديش | E30: =VLOOKUP(B30,'[2]المقيمين النشطين'!$B$2:$Q$980,15,0) -> شركة ريال البركة للتجارة | F30: =VLOOKUP(B30,'[1]اسماء الموظفين'!$B$8:$O$501,11,0) -> غرناطة | G30: =VLOOKUP(B30,'[3]رواتب الموظفين 2022'!$B$9:$J$1019,9,0) -> 2100 | H30: =VLOOKUP(B30,'[3]رواتب الموظفين 2022'!$B$9:$E$438,4,0)*2% -> 26 | I30: =303/12 -> 25.25 | J30: =220/12 -> 18.333333 | K30: =G30/30*21/12 -> 122.5 | L30: =G30/2/12 -> 87.5 | M30: =1800/24 -> 75 | O30: =650/12 -> 54.166667 | P30: =9700/12 -> 808.33333 | Q30: =VLOOKUP(B30,[4]بيان!$B$6:$G$112,4,0) -> 187.5 | R30: =$K$329 -> 739.31703 | S30: =SUM(G30:R30) -> 4243.9004 | T30: =S30*12 -> 50926.804
A31: =ROW()-3 -> 28 | B31: 1030 | C31: =VLOOKUP(B31,'[1]اسماء الموظفين'!$B$8:$O$501,2,0) -> ميدى حسن | D31: =VLOOKUP(B31,'[1]اسماء الموظفين'!$B$8:$O$501,4,0) -> بنجلاديش | E31: =VLOOKUP(B31,'[2]المقيمين النشطين'!$B$2:$Q$980,15,0) -> شركة ريال البركة للتجارة | F31: =VLOOKUP(B31,'[1]اسماء الموظفين'!$B$8:$O$501,11,0) -> جملة ريال البركة | G31: =VLOOKUP(B31,'[3]رواتب الموظفين 2022'!$B$9:$J$1019,9,0) -> 2000 | H31: =VLOOKUP(B31,'[3]رواتب الموظفين 2022'!$B$9:$E$438,4,0)*2% -> 26 | I31: =1030/12 -> 85.833333 | J31: 0 | K31: =G31/30*21/12 -> 116.66667 | L31: =G31/2/12 -> 83.333333 | M31: =1800/24 -> 75 | O31: =650/12 -> 54.166667 | P31: =9700/12 -> 808.33333 | Q31: 0 | R31: =$K$329 -> 739.31703 | S31: =SUM(G31:R31) -> 3988.6504 | T31: =S31*12 -> 47863.804
A32: =ROW()-3 -> 29 | B32: 1031 | C32: =VLOOKUP(B32,'[1]اسماء الموظفين'!$B$8:$O$501,2,0) -> أبو بكر عبد اللطيف | D32: =VLOOKUP(B32,'[1]اسماء الموظفين'!$B$8:$O$501,4,0) -> بنجلاديش | E32: =VLOOKUP(B32,'[2]المقيمين النشطين'!$B$2:$Q$980,15,0) -> مؤسسة عبدالرحمن سلطان عبدالرحمن الرزيحي للتجارة | F32: =VLOOKUP(B32,'[1]اسماء الموظفين'!$B$8:$O$501,11,0) -> الشفا | G32: =VLOOKUP(B32,'[3]رواتب الموظفين 2022'!$B$9:$J$1019,9,0) -> 1900 | H32: =VLOOKUP(B32,'[3]رواتب الموظفين 2022'!$B$9:$E$438,4,0)*2% -> 26 | J32: =220/12 -> 18.333333 | K32: =G32/30*21/12 -> 110.83333 | L32: =G32/2/12 -> 79.166667 | M32: =1800/24 -> 75 | O32: =650/12 -> 54.166667 | P32: =9700/12 -> 808.33333 | Q32: =VLOOKUP(B32,[4]بيان!$B$6:$G$112,4,0) -> 220.2381 | R32: =J$334 -> 581.33333 | S32: =SUM(G32:R32) -> 3873.4048 | T32: =S32*12 -> 46480.857
A33: =ROW()-3 -> 30 | B33: 1032 | C33: =VLOOKUP(B33,'[1]اسماء الموظفين'!$B$8:$O$501,2,0) -> حمزه الاحمر | D33: =VLOOKUP(B33,'[1]اسماء الموظفين'!$B$8:$O$501,4,0) -> سوريا | E33: =VLOOKUP(B33,'[2]المقيمين النشطين'!$B$2:$Q$980,15,0) -> شركة ريال البركة للتجارة | F33: =VLOOKUP(B33,'[1]اسماء الموظفين'!$B$8:$O$501,11,0) -> مستودع جملة سلطان | G33: =VLOOKUP(B33,'[3]رواتب الموظفين 2022'!$B$9:$J$1019,9,0) -> 10000 | H33: =VLOOKUP(B33,'[3]رواتب الموظفين 2022'!$B$9:$E$438,4,0)*2% -> 80 | I33: =2941+1492+4860/12 -> 4838 | J33: 0 | K33: =G33/30*21/12 -> 583.33333 | L33: =G33/2/12 -> 416.66667 | M33: =1500/24 -> 62.5 | O33: =650/12 -> 54.166667 | P33: =9700/12 -> 808.33333 | Q33: =12000/12 -> 1000 | R33: =$K$329 -> 739.31703 | S33: =SUM(G33:R33) -> 18582.317 | T33: =S33*12 -> 222987.8
A34: =ROW()-3 -> 31 | B34: 1033 | C34: =VLOOKUP(B34,'[1]اسماء الموظفين'!$B$8:$O$501,2,0) -> محمد بدرفيج محمد أكتير | D34: =VLOOKUP(B34,'[1]اسماء الموظفين'!$B$8:$O$501,4,0) -> بنجلاديش | E34: =VLOOKUP(B34,'[2]المقيمين النشطين'!$B$2:$Q$980,15,0) -> عبدالرحمن سلطان الرزيحي | F34: =VLOOKUP(B34,'[1]اسماء الموظفين'!$B$8:$O$501,11,0) -> جملة ريال البركة | G34: =VLOOKUP(B34,'[3]رواتب الموظفين 2022'!$B$9:$J$1019,9,0) -> 1900 | I34: 0 | J34: 0 | K34: =G34/30*21/12 -> 110.83333 | L34: =G34/2/12 -> 79.166667 | M34: =1800/24 -> 75 | O34: =600/12 -> 50 | P34: 0 | Q34: 0 | R34: 0 | S34: =SUM(G34:R34) -> 2215 | T34: =S34*12 -> 26580
A35: =ROW()-3 -> 32 | B35: 1034 | C35: =VLOOKUP(B35,'[1]اسماء الموظفين'!$B$8:$O$501,2,0) -> مد ميلون باطوري | D35: =VLOOKUP(B35,'[1]اسماء الموظفين'!$B$8:$O$501,4,0) -> بنجلاديش | E35: =VLOOKUP(B35,'[2]المقيمين النشطين'!$B$2:$Q$980,15,0) -> شركة ريال البركة للتجارة | F35: =VLOOKUP(B35,'[1]اسماء الموظفين'!$B$8:$O$501,11,0) -> أونلاين | G35: =VLOOKUP(B35,'[3]رواتب الموظفين 2022'!$B$9:$J$1019,9,0) -> 2200 | H35: =VLOOKUP(B35,'[3]رواتب الموظفين 2022'!$B$9:$E$438,4,0)*2% -> 30 | I35: =245/12 -> 20.416667 | J35: 0 | K35: =G35/30*21/12 -> 128.33333 | L35: =G35/2/12 -> 91.666667 | M35: =1800/24 -> 75 | O35: =650/12 -> 54.166667 | P35: =9700/12 -> 808.33333 | Q35: =VLOOKUP(B35,[4]بيان!$B$6:$G$112,4,0) -> 96.491228 | R35: =$K$329 -> 739.31703 | S35: =SUM(G35:R35) -> 4243.7249 | T35: =S35*12 -> 50924.699
A36: =ROW()-3 -> 33 | B36: 1035 | C36: =VLOOKUP(B36,'[1]اسماء الموظفين'!$B$8:$O$501,2,0) -> شاهين هولدير | D36: =VLOOKUP(B36,'[1]اسماء الموظفين'!$B$8:$O$501,4,0) -> بنجلاديش | E36: =VLOOKUP(B36,'[2]المقيمين النشطين'!$B$2:$Q$980,15,0) -> شركة ريال البركة للتجارة | F36: =VLOOKUP(B36,'[1]اسماء الموظفين'!$B$8:$O$501,11,0) -> العنود | G36: =VLOOKUP(B36,'[3]رواتب الموظفين 2022'!$B$9:$J$1019,9,0) -> 2000 | H36: =VLOOKUP(B36,'[3]رواتب الموظفين 2022'!$B$9:$E$438,4,0)*2% -> 28 | I36: =303/12 -> 25.25 | J36: 0 | K36: =G36/30*21/12 -> 116.66667 | L36: =G36/2/12 -> 83.333333 | M36: =1800/24 -> 75 | O36: =650/12 -> 54.166667 | P36: =9700/12 -> 808.33333 | Q36: =VLOOKUP(B36,[4]بيان!$B$6:$G$112,4,0) -> 325 | R36: =$K$329 -> 739.31703 | S36: =SUM(G36:R36) -> 4255.067 | T36: =S36*12 -> 51060.804
A37: =ROW()-3 -> 34 | B37: 1036 | C37: =VLOOKUP(B37,'[1]اسماء الموظفين'!$B$8:$O$501,2,0) -> عارف نور الإسلام | D37: =VLOOKUP(B37,'[1]اسماء الموظفين'!$B$8:$O$501,4,0) -> بنجلاديش | E37: =VLOOKUP(B37,'[2]المقيمين النشطين'!$B$2:$Q$980,15,0) -> شركة ريال البركة للتجارة | F37: =VLOOKUP(B37,'[1]اسماء الموظفين'!$B$8:$O$501,11,0) -> العنود | G37: =VLOOKUP(B37,'[3]رواتب الموظفين 2022'!$B$9:$J$1019,9,0) -> 1800 | H37: =VLOOKUP(B37,'[3]رواتب الموظفين 2022'!$B$9:$E$438,4,0)*2% -> 24 | I37: =245/12 -> 20.416667 | J37: 0 | K37: =G37/30*21/12 -> 105 | L37: =G37/2/12 -> 75 | M37: =1800/24 -> 75 | O37: =650/12 -> 54.166667 | P37: =9700/12 -> 808.33333 | Q37: =VLOOKUP(B37,[4]بيان!$B$6:$G$112,4,0) -> 325 | R37: =$K$329 -> 739.31703 | S37: =SUM(G37:R37) -> 4026.2337 | T37: =S37*12 -> 48314.804
A38: =ROW()-3 -> 35 | B38: 1038 | C38: =VLOOKUP(B38,'[1]اسماء الموظفين'!$B$8:$O$501,2,0) -> محمد عارف حسين | D38: =VLOOKUP(B38,'[1]اسماء الموظفين'!$B$8:$O$501,4,0) -> بنجلاديش | E38: =VLOOKUP(B38,'[2]المقيمين النشطين'!$B$2:$Q$980,15,0) -> شركة ريال البركة للتجارة | F38: =VLOOKUP(B38,'[1]اسماء الموظفين'!$B$8:$O$501,11,0) -> غرناطة | G38: =VLOOKUP(B38,'[3]رواتب الموظفين 2022'!$B$9:$J$1019,9,0) -> 1900 | H38: =VLOOKUP(B38,'[3]رواتب الموظفين 2022'!$B$9:$E$438,4,0)*2% -> 26 | I38: =367/12 -> 30.583333 | J38: =220/12 -> 18.333333 | K38: =G38/30*21/12 -> 110.83333 | L38: =G38/2/12 -> 79.166667 | M38: =1800/24 -> 75 | O38: =650/12 -> 54.166667 | P38: =9700/12 -> 808.33333 | Q38: =VLOOKUP(B38,[4]بيان!$B$6:$G$112,4,0) -> 183.33333 | R38: =$K$329 -> 739.31703 | S38: =SUM(G38:R38) -> 4025.067 | T38: =S38*12 -> 48300.804
A39: =ROW()-3 -> 36 | B39: 1039 | C39: =VLOOKUP(B39,'[1]اسماء الموظفين'!$B$8:$O$501,2,0) -> يحي صالح سالم شامس | D39: =VLOOKUP(B39,'[1]اسماء الموظفين'!$B$8:$O$501,4,0) -> اليمن | E39: =VLOOKUP(B39,'[2]المقيمين النشطين'!$B$2:$Q$980,15,0) -> شركة ريال البركة للتجارة | F39: =VLOOKUP(B39,'[1]اسماء الموظفين'!$B$8:$O$501,11,0) -> جملة ريال البركة | G39: =VLOOKUP(B39,'[3]رواتب الموظفين 2022'!$B$9:$J$1019,9,0) -> 3000 | H39: =VLOOKUP(B39,'[3]رواتب الموظفين 2022'!$B$9:$E$438,4,0)*2% -> 40 | I39: =1774/12 -> 147.83333 | J39: 0 | K39: =G39/30*21/12 -> 175 | L39: =G39/2/12 -> 125 | M39: =1500/24 -> 62.5 | O39: =650/12 -> 54.166667 | P39: =9700/12 -> 808.33333 | Q39: 0 | R39: =$K$329 -> 739.31703 | S39: =SUM(G39:R39) -> 5152.1504 | T39: =S39*12 -> 61825.804
A40: =ROW()-3 -> 37 | B40: 1041 | C40: =VLOOKUP(B40,'[1]اسماء الموظفين'!$B$8:$O$501,2,0) -> محمد عارف الإسلام | D40: =VLOOKUP(B40,'[1]اسماء الموظفين'!$B$8:$O$501,4,0) -> بنجلاديش | E40: =VLOOKUP(B40,'[2]المقيمين النشطين'!$B$2:$Q$980,15,0) -> شركة ريال البركة للتجارة | F40: =VLOOKUP(B40,'[1]اسماء الموظفين'!$B$8:$O$501,11,0) -> مستودع جملة سلطان | G40: =VLOOKUP(B40,'[3]رواتب الموظفين 2022'!$B$9:$J$1019,9,0) -> 2500 | H40: =VLOOKUP(B40,'[3]رواتب الموظفين 2022'!$B$9:$E$438,4,0)*2% -> 32 | J40: 0 | K40: =G40/30*21/12 -> 145.83333 | L40: =G40/2/12 -> 104.16667 | M40: =1800/24 -> 75 | O40: =650/12 -> 54.166667 | P40: =9700/12 -> 808.33333 | Q40: =VLOOKUP(B40,[4]بيان!$B$6:$G$112,4,0) -> 96.491228 | R40: =$K$329 -> 739.31703 | S40: =SUM(G40:R40) -> 4555.3083 | T40: =S40*12 -> 54663.699
A41: =ROW()-3 -> 38 | B41: 1043 | C41: =VLOOKUP(B41,'[1]اسماء الموظفين'!$B$8:$O$501,2,0) -> عهود سعد محمد دهمش | D41: =VLOOKUP(B41,'[1]اسماء الموظفين'!$B$8:$O$501,4,0) -> سعودي | E41: =VLOOKUP(B41,'[2]المقيمين النشطين'!$B$2:$Q$980,15,0) -> شركة ريال البركة للتجارة | F41: =VLOOKUP(B41,'[1]اسماء الموظفين'!$B$8:$O$501,11,0) -> وكالة ممكن | G41: =VLOOKUP(B41,'[3]رواتب الموظفين 2022'!$B$9:$J$1019,9,0) -> 4000 | H41: =VLOOKUP(B41,'[3]رواتب الموظفين 2022'!$B$9:$E$438,4,0)*12.25% -> 490 | I41: =955/12 -> 79.583333 | J41: 0 | K41: 0 | L41: 0 | M41: 0 | N41: 0 | O41: 0 | P41: 0 | Q41: 0 | R41: 0 | S41: =SUM(G41:R41) -> 4569.5833 | T41: =S41*12 -> 54835
A42: =ROW()-3 -> 39 | B42: 1044 | C42: =VLOOKUP(B42,'[1]اسماء الموظفين'!$B$8:$O$501,2,0) -> محمد علي فورازي | D42: =VLOOKUP(B42,'[1]اسماء الموظفين'!$B$8:$O$501,4,0) -> بنجلاديش | E42: =VLOOKUP(B42,'[2]المقيمين النشطين'!$B$2:$Q$980,15,0) -> شركة ريال البركة للتجارة | F42: =VLOOKUP(B42,'[1]اسماء الموظفين'!$B$8:$O$501,11,0) -> الدائري الغربي | G42: =VLOOKUP(B42,'[3]رواتب الموظفين 2022'!$B$9:$J$1019,9,0) -> 1850 | H42: =VLOOKUP(B42,'[3]رواتب الموظفين 2022'!$B$9:$E$438,4,0)*2% -> 26 | J42: =220/12 -> 18.333333 | K42: =G42/30*21/12 -> 107.91667 | L42: =G42/2/12 -> 77.083333 | M42: =1800/24 -> 75 | O42: =650/12 -> 54.166667 | P42: =9700/12 -> 808.33333 | Q42: =VLOOKUP(B42,[4]بيان!$B$6:$G$112,4,0) -> 183.33333 | R42: =$K$329 -> 739.31703 | S42: =SUM(G42:R42) -> 3939.4837 | T42: =S42*12 -> 47273.804
A43: =ROW()-3 -> 40 | B43: 1045 | C43: =VLOOKUP(B43,'[1]اسماء الموظفين'!$B$8:$O$501,2,0) -> لمياء سليمان صالح المريشد | D43: =VLOOKUP(B43,'[1]اسماء الموظفين'!$B$8:$O$501,4,0) -> سعودي | E43: =VLOOKUP(B43,'[2]المقيمين النشطين'!$B$2:$Q$980,15,0) -> مؤسسة ممكن حلول لخدمات الأعمال | F43: =VLOOKUP(B43,'[1]اسماء الموظفين'!$B$8:$O$501,11,0) -> وكالة ممكن | G43: =VLOOKUP(B43,'[3]رواتب الموظفين 2022'!$B$9:$J$1019,9,0) -> 4000 | H43: =VLOOKUP(B43,'[3]رواتب الموظفين 2022'!$B$9:$E$438,4,0)*12.25% -> 490 | I43: 0 | J43: 0 | K43: =G43/30*21/12 -> 233.33333 | L43: =G43/2/12 -> 166.66667 | M43: 0 | N43: 0 | O43: 0 | P43: 0 | Q43: 0 | R43: 0 | S43: =SUM(G43:R43) -> 4890 | T43: =S43*12 -> 58680
A44: =ROW()-3 -> 41 | B44: 1047 | C44: =VLOOKUP(B44,'[1]اسماء الموظفين'!$B$8:$O$501,2,0) -> هشام عثمان موسى احمد | D44: =VLOOKUP(B44,'[1]اسماء الموظفين'!$B$8:$O$501,4,0) -> السودان | E44: =VLOOKUP(B44,'[2]المقيمين النشطين'!$B$2:$Q$980,15,0) -> شركة ريال البركة للتجارة | F44: =VLOOKUP(B44,'[1]اسماء الموظفين'!$B$8:$O$501,11,0) -> جملة ريال البركة | G44: =VLOOKUP(B44,'[3]رواتب الموظفين 2022'!$B$9:$J$1019,9,0) -> 2600 | H44: =VLOOKUP(B44,'[3]رواتب الموظفين 2022'!$B$9:$E$438,4,0)*2% -> 36 | I44: =412/12 -> 34.333333 | J44: 0 | K44: =G44/30*21/12 -> 151.66667 | L44: =G44/2/12 -> 108.33333 | M44: =1500/24 -> 62.5 | O44: =650/12 -> 54.166667 | P44: =9700/12 -> 808.33333 | Q44: =VLOOKUP(B44,[4]بيان!$B$6:$G$112,4,0) -> 96.491228 | R44: =$K$329 -> 739.31703 | S44: =SUM(G44:R44) -> 4691.1416 | T44: =S44*12 -> 56293.699
A45: =ROW()-3 -> 42 | B45: 1048 | C45: =VLOOKUP(B45,'[1]اسماء الموظفين'!$B$8:$O$501,2,0) -> محمد شؤيف حسين | D45: =VLOOKUP(B45,'[1]اسماء الموظفين'!$B$8:$O$501,4,0) -> بنجلاديش | E45: =VLOOKUP(B45,'[2]المقيمين النشطين'!$B$2:$Q$980,15,0) -> شركة ريال البركة للتجارة | F45: =VLOOKUP(B45,'[1]اسماء الموظفين'!$B$8:$O$501,11,0) -> العنود | G45: =VLOOKUP(B45,'[3]رواتب الموظفين 2022'!$B$9:$J$1019,9,0) -> 1900 | H45: =VLOOKUP(B45,'[3]رواتب الموظفين 2022'!$B$9:$E$438,4,0)*2% -> 26 | I45: =195/12 -> 16.25 | J45: 0 | K45: =G45/30*21/12 -> 110.83333 | L45: =G45/2/12 -> 79.166667 | M45: =1800/24 -> 75 | O45: =650/12 -> 54.166667 | P45: =9700/12 -> 808.33333 | Q45: =VLOOKUP(B45,[4]بيان!$B$6:$G$112,4,0) -> 325 | R45: =$K$329 -> 739.31703 | S45: =SUM(G45:R45) -> 4134.067 | T45: =S45*12 -> 49608.804
A46: =ROW()-3 -> 43 | B46: 1049 | C46: =VLOOKUP(B46,'[1]اسماء الموظفين'!$B$8:$O$501,2,0) -> محمد شجون | D46: =VLOOKUP(B46,'[1]اسماء الموظفين'!$B$8:$O$501,4,0) -> بنجلاديش | E46: =VLOOKUP(B46,'[2]المقيمين النشطين'!$B$2:$Q$980,15,0) -> شركة ريال البركة للتجارة | F46: =VLOOKUP(B46,'[1]اسماء الموظفين'!$B$8:$O$501,11,0) -> هاينس | G46: =VLOOKUP(B46,'[3]رواتب الموظفين 2022'!$B$9:$J$1019,9,0) -> 1950 | H46: =VLOOKUP(B46,'[3]رواتب الموظفين 2022'!$B$9:$E$438,4,0)*2% -> 26 | I46: =245/12 -> 20.416667 | J46: =220/12 -> 18.333333 | K46: =G46/30*21/12 -> 113.75 | L46: =G46/2/12 -> 81.25 | M46: =1800/24 -> 75 | O46: =650/12 -> 54.166667 | P46: =9700/12 -> 808.33333 | Q46: =VLOOKUP(B46,[4]بيان!$B$6:$G$112,4,0) -> 92.594444 | R46: =$K$329 -> 739.31703 | S46: =SUM(G46:R46) -> 3979.1615 | T46: =S46*12 -> 47749.938
A47: =ROW()-3 -> 44 | B47: 1050 | C47: =VLOOKUP(B47,'[1]اسماء الموظفين'!$B$8:$O$501,2,0) -> محمد عطية سعد | D47: =VLOOKUP(B47,'[1]اسماء الموظفين'!$B$8:$O$501,4,0) -> مصر | E47: =VLOOKUP(B47,'[2]المقيمين النشطين'!$B$2:$Q$980,15,0) -> دوام جزئي | F47: =VLOOKUP(B47,'[1]اسماء الموظفين'!$B$8:$O$501,11,0) -> الإدارة | G47: =VLOOKUP(B47,'[3]رواتب الموظفين 2022'!$B$9:$J$1019,9,0) -> 3000 | H47: 0 | I47: 0 | J47: 0 | K47: 0 | L47: 0 | M47: 0 | N47: 0 | O47: 0 | P47: 0 | Q47: 0 | R47: 0 | S47: =SUM(G47:R47) -> 3000 | T47: =S47*12 -> 36000
A48: =ROW()-3 -> 45 | B48: 1052 | C48: =VLOOKUP(B48,'[1]اسماء الموظفين'!$B$8:$O$501,2,0) -> محمد يحي محسن عميسان | D48: =VLOOKUP(B48,'[1]اسماء الموظفين'!$B$8:$O$501,4,0) -> اليمن | E48: =VLOOKUP(B48,'[2]المقيمين النشطين'!$B$2:$Q$980,15,0) -> تحت التجربة | F48: =VLOOKUP(B48,'[1]اسماء الموظفين'!$B$8:$O$501,11,0) -> اليرموك | G48: =VLOOKUP(B48,'[3]رواتب الموظفين 2022'!$B$9:$J$1019,9,0) -> 15000 | H48: 0 | I48: 0 | J48: 0 | K48: 0 | L48: 0 | M48: 0 | N48: 0 | O48: 0 | P48: 0 | Q48: 0 | R48: 0 | S48: =SUM(G48:R48) -> 15000 | T48: =S48*12 -> 180000
A49: =ROW()-3 -> 46 | B49: 1053 | C49: =VLOOKUP(B49,'[1]اسماء الموظفين'!$B$8:$O$501,2,0) -> بشاير خليل أحمد العنزي | D49: =VLOOKUP(B49,'[1]اسماء الموظفين'!$B$8:$O$501,4,0) -> سعودي | E49: =VLOOKUP(B49,'[2]المقيمين النشطين'!$B$2:$Q$980,15,0) -> شركة ريال البركة للتجارة | F49: =VLOOKUP(B49,'[1]اسماء الموظفين'!$B$8:$O$501,11,0) -> الدائري الغربي | G49: =VLOOKUP(B49,'[3]رواتب الموظفين 2022'!$B$9:$J$1019,9,0) -> 4800 | H49: =VLOOKUP(B49,'[3]رواتب الموظفين 2022'!$B$9:$E$438,4,0)*12.25% -> 490 | I49: =378/12 -> 31.5 | J49: =220/12 -> 18.333333 | K49: =G49/30*21/12 -> 280 | L49: =G49/2/12 -> 200 | M49: 0 | O49: 0 | P49: 0 | Q49: 0 | R49: 0 | S49: =SUM(G49:R49) -> 5819.8333 | T49: =S49*12 -> 69838
A50: =ROW()-3 -> 47 | B50: 1054 | C50: =VLOOKUP(B50,'[1]اسماء الموظفين'!$B$8:$O$501,2,0) -> نبيل محمد علي السلمي | D50: =VLOOKUP(B50,'[1]اسماء الموظفين'!$B$8:$O$501,4,0) -> اليمن | E50: =VLOOKUP(B50,'[2]المقيمين النشطين'!$B$2:$Q$980,15,0) -> شركة ريال البركة للتجارة | F50: =VLOOKUP(B50,'[1]اسماء الموظفين'!$B$8:$O$501,11,0) -> العنود | G50: =VLOOKUP(B50,'[3]رواتب الموظفين 2022'!$B$9:$J$1019,9,0) -> 4000 | H50: =VLOOKUP(B50,'[3]رواتب الموظفين 2022'!$B$9:$E$438,4,0)*2% -> 40 | I50: =773/12 -> 64.416667 | J50: 0 | K50: =G50/30*21/12 -> 233.33333 | L50: =G50/2/12 -> 166.66667 | M50: =1500/24 -> 62.5 | O50: =650/12 -> 54.166667 | P50: =9700/12 -> 808.33333 | Q50: =VLOOKUP(B50,[4]بيان!$B$6:$G$112,4,0) -> 325 | R50: =$K$329 -> 739.31703 | S50: =SUM(G50:R50) -> 6493.7337 | T50: =S50*12 -> 77924.804
A51: =ROW()-3 -> 48 | B51: 1055 | C51: =VLOOKUP(B51,'[1]اسماء الموظفين'!$B$8:$O$501,2,0) -> محضار عبدالله حسين السيد | D51: =VLOOKUP(B51,'[1]اسماء الموظفين'!$B$8:$O$501,4,0) -> اليمن | E51: =VLOOKUP(B51,'[2]المقيمين النشطين'!$B$2:$Q$980,15,0) -> شركة ريال البركة للتجارة | F51: =VLOOKUP(B51,'[1]اسماء الموظفين'!$B$8:$O$501,11,0) -> جملة ريال البركة | G51: =VLOOKUP(B51,'[3]رواتب الموظفين 2022'!$B$9:$J$1019,9,0) -> 6000 | H51: =VLOOKUP(B51,'[3]رواتب الموظفين 2022'!$B$9:$E$438,4,0)*2% -> 56 | I51: =1958+642/12 -> 2011.5 | J51: 0 | K51: =G51/30*21/12 -> 350 | L51: =G51/2/12 -> 250 | M51: =1500/24 -> 62.5 | O51: =650/12 -> 54.166667 | P51: =9700/12 -> 808.33333 | Q51: =6000/12 -> 500 | R51: =$K$329 -> 739.31703 | S51: =SUM(G51:R51) -> 10831.817 | T51: =S51*12 -> 129981.8
A52: =ROW()-3 -> 49 | B52: 1056 | C52: =VLOOKUP(B52,'[1]اسماء الموظفين'!$B$8:$O$501,2,0) -> جمال علي فرحان الفنيني | D52: =VLOOKUP(B52,'[1]اسماء الموظفين'!$B$8:$O$501,4,0) -> اليمن | E52: =VLOOKUP(B52,'[2]المقيمين النشطين'!$B$2:$Q$980,15,0) -> شركة ريال البركة للتجارة | F52: =VLOOKUP(B52,'[1]اسماء الموظفين'!$B$8:$O$501,11,0) -> جملة ريال البركة | G52: =VLOOKUP(B52,'[3]رواتب الموظفين 2022'!$B$9:$J$1019,9,0) -> 3500 | H52: =VLOOKUP(B52,'[3]رواتب الموظفين 2022'!$B$9:$E$438,4,0)*2% -> 44 | I52: =1011/12 -> 84.25 | J52: 0 | K52: =G52/30*21/12 -> 204.16667 | L52: =G52/2/12 -> 145.83333 | M52: =1500/24 -> 62.5 | O52: =650/12 -> 54.166667 | P52: =9700/12 -> 808.33333 | Q52: =VLOOKUP(B52,[4]بيان!$B$6:$G$112,4,0) -> 183.33333 | R52: =$K$329 -> 739.31703 | S52: =SUM(G52:R52) -> 5825.9004 | T52: =S52*12 -> 69910.804
A53: =ROW()-3 -> 50 | B53: 1057 | C53: =VLOOKUP(B53,'[1]اسماء الموظفين'!$B$8:$O$501,2,0) -> أكرم ال حقي | D53: =VLOOKUP(B53,'[1]اسماء الموظفين'!$B$8:$O$501,4,0) -> بنجلاديش | E53: =VLOOKUP(B53,'[2]المقيمين النشطين'!$B$2:$Q$980,15,0) -> مؤسسة زاوية ريال بركة للكماليات | F53: =VLOOKUP(B53,'[1]اسماء الموظفين'!$B$8:$O$501,11,0) -> المصيف | G53: =VLOOKUP(B53,'[3]رواتب الموظفين 2022'!$B$9:$J$1019,9,0) -> 1900 | H53: =VLOOKUP(B53,'[3]رواتب الموظفين 2022'!$B$9:$E$438,4,0)*2% -> 32 | J53: 0 | K53: =G53/30*21/12 -> 110.83333 | L53: =G53/2/12 -> 79.166667 | M53: =1800/24 -> 75 | O53: =650/12 -> 54.166667 | P53: =9700/12 -> 808.33333 | Q53: 0 | R53: 0 | S53: =SUM(G53:R53) -> 3059.5 | T53: =S53*12 -> 36714
A54: =ROW()-3 -> 51 | B54: 1058 | C54: =VLOOKUP(B54,'[1]اسماء الموظفين'!$B$8:$O$501,2,0) -> ألمغير حسين | D54: =VLOOKUP(B54,'[1]اسماء الموظفين'!$B$8:$O$501,4,0) -> بنجلاديش | E54: =VLOOKUP(B54,'[2]المقيمين النشطين'!$B$2:$Q$980,15,0) -> مؤسسة زاوية ريال بركة للكماليات | F54: =VLOOKUP(B54,'[1]اسماء الموظفين'!$B$8:$O$501,11,0) -> اليرموك | G54: =VLOOKUP(B54,'[3]رواتب الموظفين 2022'!$B$9:$J$1019,9,0) -> 1900 | H54: =VLOOKUP(B54,'[3]رواتب الموظفين 2022'!$B$9:$E$438,4,0)*2% -> 32 | J54: 0 | K54: =G54/30*21/12 -> 110.83333 | L54: =G54/2/12 -> 79.166667 | M54: =1800/24 -> 75 | O54: =650/12 -> 54.166667 | P54: =9700/12 -> 808.33333 | Q54: =VLOOKUP(B54,[4]بيان!$B$6:$G$112,4,0) -> 312.5 | R54: 0 | S54: =SUM(G54:R54) -> 3372 | T54: =S54*12 -> 40464
A55: =ROW()-3 -> 52 | B55: 1059 | C55: =VLOOKUP(B55,'[1]اسماء الموظفين'!$B$8:$O$501,2,0) -> رامجان علي صديقي | D55: =VLOOKUP(B55,'[1]اسماء الموظفين'!$B$8:$O$501,4,0) -> بنجلاديش | E55: =VLOOKUP(B55,'[2]المقيمين النشطين'!$B$2:$Q$980,15,0) -> مؤسسة زاوية ريال بركة للكماليات | F55: =VLOOKUP(B55,'[1]اسماء الموظفين'!$B$8:$O$501,11,0) -> المصيف | G55: =VLOOKUP(B55,'[3]رواتب الموظفين 2022'!$B$9:$J$1019,9,0) -> 1900 | H55: =VLOOKUP(B55,'[3]رواتب الموظفين 2022'!$B$9:$E$438,4,0)*2% -> 32 | J55: 0 | K55: =G55/30*21/12 -> 110.83333 | L55: =G55/2/12 -> 79.166667 | M55: =1800/24 -> 75 | O55: =650/12 -> 54.166667 | P55: =9700/12 -> 808.33333 | Q55: 0 | R55: 0 | S55: =SUM(G55:R55) -> 3059.5 | T55: =S55*12 -> 36714
A56: =ROW()-3 -> 53 | B56: 1060 | C56: =VLOOKUP(B56,'[1]اسماء الموظفين'!$B$8:$O$501,2,0) -> عبدالرحمن علي حسين قرانه | D56: =VLOOKUP(B56,'[1]اسماء الموظفين'!$B$8:$O$501,4,0) -> اليمن | E56: =VLOOKUP(B56,'[2]المقيمين النشطين'!$B$2:$Q$980,15,0) -> مؤسسة زاوية ريال بركة للكماليات | F56: =VLOOKUP(B56,'[1]اسماء الموظفين'!$B$8:$O$501,11,0) -> المصيف | G56: =VLOOKUP(B56,'[3]رواتب الموظفين 2022'!$B$9:$J$1019,9,0) -> 2300 | H56: =VLOOKUP(B56,'[3]رواتب الموظفين 2022'!$B$9:$E$438,4,0)*2% -> 40 | J56: 0 | K56: =G56/30*21/12 -> 134.16667 | L56: =G56/2/12 -> 95.833333 | M56: =1500/24 -> 62.5 | O56: =650/12 -> 54.166667 | P56: =9700/12 -> 808.33333 | Q56: 0 | R56: 0 | S56: =SUM(G56:R56) -> 3495 | T56: =S56*12 -> 41940
A57: =ROW()-3 -> 54 | B57: 1061 | C57: =VLOOKUP(B57,'[1]اسماء الموظفين'!$B$8:$O$501,2,0) -> ماجد محمد يحيى السودي | D57: =VLOOKUP(B57,'[1]اسماء الموظفين'!$B$8:$O$501,4,0) -> اليمن | E57: =VLOOKUP(B57,'[2]المقيمين النشطين'!$B$2:$Q$980,15,0) -> مؤسسة زاوية ريال بركة للكماليات | F57: =VLOOKUP(B57,'[1]اسماء الموظفين'!$B$8:$O$501,11,0) -> اليرموك | G57: =VLOOKUP(B57,'[3]رواتب الموظفين 2022'!$B$9:$J$1019,9,0) -> 2500 | H57: =VLOOKUP(B57,'[3]رواتب الموظفين 2022'!$B$9:$E$438,4,0)*2% -> 40 | J57: 0 | K57: =G57/30*21/12 -> 145.83333 | L57: =G57/2/12 -> 104.16667 | M57: =1500/24 -> 62.5 | O57: =650/12 -> 54.166667 | P57: =9700/12 -> 808.33333 | Q57: 0 | R57: 0 | S57: =SUM(G57:R57) -> 3715 | T57: =S57*12 -> 44580
A58: =ROW()-3 -> 55 | B58: 1062 | C58: =VLOOKUP(B58,'[1]اسماء الموظفين'!$B$8:$O$501,2,0) -> مراد علي حسن قرانه | D58: =VLOOKUP(B58,'[1]اسماء الموظفين'!$B$8:$O$501,4,0) -> اليمن | E58: =VLOOKUP(B58,'[2]المقيمين النشطين'!$B$2:$Q$980,15,0) -> مؤسسة زاوية ريال بركة للكماليات | F58: =VLOOKUP(B58,'[1]اسماء الموظفين'!$B$8:$O$501,11,0) -> المصيف | G58: =VLOOKUP(B58,'[3]رواتب الموظفين 2022'!$B$9:$J$1019,9,0) -> 3300 | H58: =VLOOKUP(B58,'[3]رواتب الموظفين 2022'!$B$9:$E$438,4,0)*2% -> 66 | J58: 0 | K58: =G58/30*21/12 -> 192.5 | L58: =G58/2/12 -> 137.5 | M58: =1500/24 -> 62.5 | O58: =650/12 -> 54.166667 | P58: =9700/12 -> 808.33333 | Q58: 0 | R58: 0 | S58: =SUM(G58:R58) -> 4621 | T58: =S58*12 -> 55452
A59: =ROW()-3 -> 56 | B59: 1063 | C59: =VLOOKUP(B59,'[1]اسماء الموظفين'!$B$8:$O$501,2,0) -> جميل علي حسن عبدالله | D59: =VLOOKUP(B59,'[1]اسماء الموظفين'!$B$8:$O$501,4,0) -> اليمن | E59: =VLOOKUP(B59,'[2]المقيمين النشطين'!$B$2:$Q$980,15,0) -> شركة ريال البركة للتجارة | F59: =VLOOKUP(B59,'[1]اسماء الموظفين'!$B$8:$O$501,11,0) -> جملة ريال البركة | G59: =VLOOKUP(B59,'[3]رواتب الموظفين 2022'!$B$9:$J$1019,9,0) -> 3300 | H59: =VLOOKUP(B59,'[3]رواتب الموظفين 2022'!$B$9:$E$438,4,0)*2% -> 40 | I59: =1360/12 -> 113.33333 | J59: 0 | K59: =G59/30*21/12 -> 192.5 | L59: =G59/2/12 -> 137.5 | M59: =1500/24 -> 62.5 | O59: =650/12 -> 54.166667 | P59: =9700/12 -> 808.33333 | Q59: =VLOOKUP(B59,[4]بيان!$B$6:$G$112,4,0) -> 183.33333 | R59: =$K$329 -> 739.31703 | S59: =SUM(G59:R59) -> 5630.9837 | T59: =S59*12 -> 67571.804
A60: =ROW()-3 -> 57 | B60: 1064 | C60: =VLOOKUP(B60,'[1]اسماء الموظفين'!$B$8:$O$501,2,0) -> معين الدين وحيد | D60: =VLOOKUP(B60,'[1]اسماء الموظفين'!$B$8:$O$501,4,0) -> بنجلاديش | E60: =VLOOKUP(B60,'[2]المقيمين النشطين'!$B$2:$Q$980,15,0) -> مؤسسة سلطان عبدالرحمن صالح الرزيحي للتجارة | F60: =VLOOKUP(B60,'[1]اسماء الموظفين'!$B$8:$O$501,11,0) -> هاينس | G60: =VLOOKUP(B60,'[3]رواتب الموظفين 2022'!$B$9:$J$1019,9,0) -> 2500 | H60: =VLOOKUP(B60,'[3]رواتب الموظفين 2022'!$B$9:$E$438,4,0)*2% -> 28 | J60: =220/12 -> 18.333333 | K60: =G60/30*21/12 -> 145.83333 | L60: =G60/2/12 -> 104.16667 | M60: =1800/24 -> 75 | O60: =650/12 -> 54.166667 | P60: =9700/12 -> 808.33333 | Q60: =VLOOKUP(B60,[4]بيان!$B$6:$G$112,4,0) -> 183.33333 | R60: =$K$329 -> 739.31703 | S60: =SUM(G60:R60) -> 4656.4837 | T60: =S60*12 -> 55877.804
A61: =ROW()-3 -> 58 | B61: 1065 | C61: =VLOOKUP(B61,'[1]اسماء الموظفين'!$B$8:$O$501,2,0) -> عمر محمد عبده علي السلمي | D61: =VLOOKUP(B61,'[1]اسماء الموظفين'!$B$8:$O$501,4,0) -> اليمن | E61: =VLOOKUP(B61,'[2]المقيمين النشطين'!$B$2:$Q$980,15,0) -> مؤسسة عبدالرحمن سلطان عبدالرحمن الرزيحي للتجارة | F61: =VLOOKUP(B61,'[1]اسماء الموظفين'!$B$8:$O$501,11,0) -> الشفا | G61: =VLOOKUP(B61,'[3]رواتب الموظفين 2022'!$B$9:$J$1019,9,0) -> 2800 | H61: =VLOOKUP(B61,'[3]رواتب الموظفين 2022'!$B$9:$E$438,4,0)*2% -> 40 | I61: =517/12 -> 43.083333 | J61: =220/12 -> 18.333333 | K61: =G61/30*21/12 -> 163.33333 | L61: =G61/2/12 -> 116.66667 | M61: =1500/24 -> 62.5 | O61: =650/12 -> 54.166667 | P61: =9700/12 -> 808.33333 | Q61: =VLOOKUP(B61,[4]بيان!$B$6:$G$112,4,0) -> 220.2381 | R61: =J$334 -> 581.33333 | S61: =SUM(G61:R61) -> 4907.9881 | T61: =S61*12 -> 58895.857
A62: =ROW()-3 -> 59 | B62: 1066 | C62: =VLOOKUP(B62,'[1]اسماء الموظفين'!$B$8:$O$501,2,0) -> محمد عبدالله حسين محمد السيد | D62: =VLOOKUP(B62,'[1]اسماء الموظفين'!$B$8:$O$501,4,0) -> اليمن | E62: =VLOOKUP(B62,'[2]المقيمين النشطين'!$B$2:$Q$980,15,0) -> مؤسسة عبدالرحمن سلطان عبدالرحمن الرزيحي للتجارة | F62: =VLOOKUP(B62,'[1]اسماء الموظفين'!$B$8:$O$501,11,0) -> جملة ريال البركة | G62: =VLOOKUP(B62,'[3]رواتب الموظفين 2022'!$B$9:$J$1019,9,0) -> 2000 | H62: =VLOOKUP(B62,'[3]رواتب الموظفين 2022'!$B$9:$E$438,4,0)*2% -> 26 | I62: =517/12 -> 43.083333 | J62: 0 | K62: =G62/30*21/12 -> 116.66667 | L62: =G62/2/12 -> 83.333333 | M62: =1500/24 -> 62.5 | O62: =650/12 -> 54.166667 | P62: =9700/12 -> 808.33333 | Q62: =VLOOKUP(B62,[4]بيان!$B$6:$G$112,4,0) -> 96.491228 | R62: =J$334 -> 581.33333 | S62: =SUM(G62:R62) -> 3871.9079 | T62: =S62*12 -> 46462.895
A63: =ROW()-3 -> 60 | B63: 1068 | C63: =VLOOKUP(B63,'[1]اسماء الموظفين'!$B$8:$O$501,2,0) -> تهاني محمد محسن السهلي | D63: =VLOOKUP(B63,'[1]اسماء الموظفين'!$B$8:$O$501,4,0) -> سعودي | E63: =VLOOKUP(B63,'[2]المقيمين النشطين'!$B$2:$Q$980,15,0) -> شركة ريال البركة للتجارة | F63: =VLOOKUP(B63,'[1]اسماء الموظفين'!$B$8:$O$501,11,0) -> الدائري الغربي | G63: =VLOOKUP(B63,'[3]رواتب الموظفين 2022'!$B$9:$J$1019,9,0) -> 4500 | H63: =VLOOKUP(B63,'[3]رواتب الموظفين 2022'!$B$9:$E$438,4,0)*12.25% -> 490 | J63: =964/12 -> 80.333333 | K63: =G63/30*21/12 -> 262.5 | L63: =G63/2/12 -> 187.5 | M63: 0 | O63: 0 | P63: 0 | Q63: 0 | R63: 0 | S63: =SUM(G63:R63) -> 5520.3333 | T63: =S63*12 -> 66244
A64: =ROW()-3 -> 61 | B64: 1069 | C64: =VLOOKUP(B64,'[1]اسماء الموظفين'!$B$8:$O$501,2,0) -> هشام مقبل عبده علي السلمي | D64: =VLOOKUP(B64,'[1]اسماء الموظفين'!$B$8:$O$501,4,0) -> اليمن | E64: =VLOOKUP(B64,'[2]المقيمين النشطين'!$B$2:$Q$980,15,0) -> مؤسسة عبدالرحمن سلطان عبدالرحمن الرزيحي للتجارة | F64: =VLOOKUP(B64,'[1]اسماء الموظفين'!$B$8:$O$501,11,0) -> الأندلس | G64: =VLOOKUP(B64,'[3]رواتب الموظفين 2022'!$B$9:$J$1019,9,0) -> 2800 | H64: =VLOOKUP(B64,'[3]رواتب الموظفين 2022'!$B$9:$E$438,4,0)*2% -> 40 | J64: 0 | K64: =G64/30*21/12 -> 163.33333 | L64: =G64/2/12 -> 116.66667 | M64: =1500/24 -> 62.5 | O64: =650/12 -> 54.166667 | P64: =9700/12 -> 808.33333 | Q64: =6000/12 -> 500 | R64: =J$334 -> 581.33333 | S64: =SUM(G64:R64) -> 5126.3333 | T64: =S64*12 -> 61516
A65: =ROW()-3 -> 62 | B65: 1070 | C65: =VLOOKUP(B65,'[1]اسماء الموظفين'!$B$8:$O$501,2,0) -> مطيع صالح حمود قايد الفهد | D65: =VLOOKUP(B65,'[1]اسماء الموظفين'!$B$8:$O$501,4,0) -> اليمن | E65: =VLOOKUP(B65,'[2]المقيمين النشطين'!$B$2:$Q$980,15,0) -> مصنع سلطان عبدالرحمن صالح الرزيحي للمنتجات الورقية | F65: =VLOOKUP(B65,'[1]اسماء الموظفين'!$B$8:$O$501,11,0) -> المصنع | G65: =VLOOKUP(B65,'[3]رواتب الموظفين 2022'!$B$9:$J$1019,9,0) -> 2000 | H65: =VLOOKUP(B65,'[3]رواتب الموظفين 2022'!$B$9:$E$438,4,0)*2% -> 28 | I65: =642/12 -> 53.5 | J65: 0 | K65: =G65/30*21/12 -> 116.66667 | L65: =G65/2/12 -> 83.333333 | M65: =1500/24 -> 62.5 | O65: =650/12 -> 54.166667 | P65: =9700/12 -> 808.33333 | Q65: 0 | R65: =$K$329 -> 739.31703 | S65: =SUM(G65:R65) -> 3945.817 | T65: =S65*12 -> 47349.804
A66: =ROW()-3 -> 63 | B66: 1071 | C66: =VLOOKUP(B66,'[1]اسماء الموظفين'!$B$8:$O$501,2,0) -> أحمد أحمد عبدالله أحمد | D66: =VLOOKUP(B66,'[1]اسماء الموظفين'!$B$8:$O$501,4,0) -> اليمن | E66: =VLOOKUP(B66,'[2]المقيمين النشطين'!$B$2:$Q$980,15,0) -> مؤسسة زاوية ريال بركة للكماليات | F66: =VLOOKUP(B66,'[1]اسماء الموظفين'!$B$8:$O$501,11,0) -> اليرموك | G66: =VLOOKUP(B66,'[3]رواتب الموظفين 2022'!$B$9:$J$1019,9,0) -> 2300 | H66: =VLOOKUP(B66,'[3]رواتب الموظفين 2022'!$B$9:$E$438,4,0)*2% -> 40 | J66: 0 | K66: =G66/30*21/12 -> 134.16667 | L66: =G66/2/12 -> 95.833333 | M66: =1500/24 -> 62.5 | O66: =650/12 -> 54.166667 | P66: =9700/12 -> 808.33333 | Q66: =VLOOKUP(B66,[4]بيان!$B$6:$G$112,4,0) -> 312.5 | R66: 0 | S66: =SUM(G66:R66) -> 3807.5 | T66: =S66*12 -> 45690
A67: =ROW()-3 -> 64 | B67: 1072 | C67: =VLOOKUP(B67,'[1]اسماء الموظفين'!$B$8:$O$501,2,0) -> محمد أحمد محمد عبد القوي الزيادي | D67: =VLOOKUP(B67,'[1]اسماء الموظفين'!$B$8:$O$501,4,0) -> اليمن | E67: =VLOOKUP(B67,'[2]المقيمين النشطين'!$B$2:$Q$980,15,0) -> مؤسسة زاوية ريال بركة للكماليات | F67: =VLOOKUP(B67,'[1]اسماء الموظفين'!$B$8:$O$501,11,0) -> اليرموك | G67: =VLOOKUP(B67,'[3]رواتب الموظفين 2022'!$B$9:$J$1019,9,0) -> 2500 | H67: =VLOOKUP(B67,'[3]رواتب الموظفين 2022'!$B$9:$E$438,4,0)*2% -> 40 | J67: 0 | K67: =G67/30*21/12 -> 145.83333 | L67: =G67/2/12 -> 104.16667 | M67: =1500/24 -> 62.5 | O67: =650/12 -> 54.166667 | P67: =9700/12 -> 808.33333 | Q67: =VLOOKUP(B67,[4]بيان!$B$6:$G$112,4,0) -> 312.5 | R67: 0 | S67: =SUM(G67:R67) -> 4027.5 | T67: =S67*12 -> 48330
A68: =ROW()-3 -> 65 | B68: 1073 | C68: =VLOOKUP(B68,'[1]اسماء الموظفين'!$B$8:$O$501,2,0) -> محمد عباس علي | D68: =VLOOKUP(B68,'[1]اسماء الموظفين'!$B$8:$O$501,4,0) -> بنجلاديش | E68: =VLOOKUP(B68,'[2]المقيمين النشطين'!$B$2:$Q$980,15,0) -> شركة ريال البركة للتجارة | F68: =VLOOKUP(B68,'[1]اسماء الموظفين'!$B$8:$O$501,11,0) -> غرناطة | G68: =VLOOKUP(B68,'[3]رواتب الموظفين 2022'!$B$9:$J$1019,9,0) -> 1900 | H68: =VLOOKUP(B68,'[3]رواتب الموظفين 2022'!$B$9:$E$438,4,0)*2% -> 26 | I68: =303/12 -> 25.25 | J68: =220/12 -> 18.333333 | K68: =G68/30*21/12 -> 110.83333 | L68: =G68/2/12 -> 79.166667 | M68: =1800/24 -> 75 | O68: =650/12 -> 54.166667 | P68: =9700/12 -> 808.33333 | Q68: =VLOOKUP(B68,[4]بيان!$B$6:$G$112,4,0) -> 187.5 | R68: =$K$329 -> 739.31703 | S68: =SUM(G68:R68) -> 4023.9004 | T68: =S68*12 -> 48286.804
A69: =ROW()-3 -> 66 | B69: 1074 | C69: =VLOOKUP(B69,'[1]اسماء الموظفين'!$B$8:$O$501,2,0) -> زكريا علي صالح احمد | D69: =VLOOKUP(B69,'[1]اسماء الموظفين'!$B$8:$O$501,4,0) -> اليمن | E69: =VLOOKUP(B69,'[2]المقيمين النشطين'!$B$2:$Q$980,15,0) -> شركة ريال البركة للتجارة | F69: =VLOOKUP(B69,'[1]اسماء الموظفين'!$B$8:$O$501,11,0) -> الإدارة | G69: =VLOOKUP(B69,'[3]رواتب الموظفين 2022'!$B$9:$J$1019,9,0) -> 4000 | H69: =VLOOKUP(B69,'[3]رواتب الموظفين 2022'!$B$9:$E$438,4,0)*2% -> 50 | I69: =1824+642/12 -> 1877.5 | J69: 0 | K69: =G69/30*21/12 -> 233.33333 | L69: =G69/2/12 -> 166.66667 | M69: =1500/12 -> 125 | O69: =650/12 -> 54.166667 | P69: =9700/12 -> 808.33333 | Q69: =6000/12 -> 500 | R69: =$K$329 -> 739.31703 | S69: =SUM(G69:R69) -> 8554.317 | T69: =S69*12 -> 102651.8
A70: =ROW()-3 -> 67 | B70: 1076 | C70: =VLOOKUP(B70,'[1]اسماء الموظفين'!$B$8:$O$501,2,0) -> ايمان حسين | D70: =VLOOKUP(B70,'[1]اسماء الموظفين'!$B$8:$O$501,4,0) -> بنجلاديش | E70: =VLOOKUP(B70,'[2]المقيمين النشطين'!$B$2:$Q$980,15,0) -> شركة ريال البركة للتجارة | F70: =VLOOKUP(B70,'[1]اسماء الموظفين'!$B$8:$O$501,11,0) -> مستودع جملة سلطان | G70: =VLOOKUP(B70,'[3]رواتب الموظفين 2022'!$B$9:$J$1019,9,0) -> 1700 | H70: =VLOOKUP(B70,'[3]رواتب الموظفين 2022'!$B$9:$E$438,4,0)*2% -> 24 | I70: =367/12 -> 30.583333 | J70: 0 | K70: =G70/30*21/12 -> 99.166667 | L70: =G70/2/12 -> 70.833333 | M70: =1800/24 -> 75 | O70: =650/12 -> 54.166667 | P70: =9700/12 -> 808.33333 | Q70: =VLOOKUP(B70,[4]بيان!$B$6:$G$112,4,0) -> 96.491228 | R70: =$K$329 -> 739.31703 | S70: =SUM(G70:R70) -> 3697.8916 | T70: =S70*12 -> 44374.699
A71: =ROW()-3 -> 68 | B71: 1077 | C71: =VLOOKUP(B71,'[1]اسماء الموظفين'!$B$8:$O$501,2,0) -> رابي حسين | D71: =VLOOKUP(B71,'[1]اسماء الموظفين'!$B$8:$O$501,4,0) -> بنجلاديش | E71: =VLOOKUP(B71,'[2]المقيمين النشطين'!$B$2:$Q$980,15,0) -> مؤسسة سلطان عبدالرحمن صالح الرزيحي للتجارة | F71: =VLOOKUP(B71,'[1]اسماء الموظفين'!$B$8:$O$501,11,0) -> هاينس | G71: =VLOOKUP(B71,'[3]رواتب الموظفين 2022'!$B$9:$J$1019,9,0) -> 1800 | H71: =VLOOKUP(B71,'[3]رواتب الموظفين 2022'!$B$9:$E$438,4,0)*2% -> 24 | I71: =245/12 -> 20.416667 | J71: =1251.55/12 -> 104.29583 | K71: =G71/30*21/12 -> 105 | L71: =G71/2/12 -> 75 | M71: =1800/24 -> 75 | O71: =650/12 -> 54.166667 | P71: =9700/12 -> 808.33333 | Q71: =VLOOKUP(B71,[4]بيان!$B$6:$G$112,4,0) -> 92.594444 | R71: =$K$329 -> 739.31703 | S71: =SUM(G71:R71) -> 3898.124 | T71: =S71*12 -> 46777.488
A72: =ROW()-3 -> 69 | B72: 1078 | C72: =VLOOKUP(B72,'[1]اسماء الموظفين'!$B$8:$O$501,2,0) -> فكري عبدالدائم محمد عبدالرحمن | D72: =VLOOKUP(B72,'[1]اسماء الموظفين'!$B$8:$O$501,4,0) -> اليمن | E72: =VLOOKUP(B72,'[2]المقيمين النشطين'!$B$2:$Q$980,15,0) -> شركة ريال البركة للتجارة | F72: =VLOOKUP(B72,'[1]اسماء الموظفين'!$B$8:$O$501,11,0) -> مستودع عكاظ 23 | G72: =VLOOKUP(B72,'[3]رواتب الموظفين 2022'!$B$9:$J$1019,9,0) -> 800 | H72: =VLOOKUP(B72,'[3]رواتب الموظفين 2022'!$B$9:$E$438,4,0)*2% -> 16 | Q72: 0 | R72: =$K$329 -> 739.31703 | S72: =SUM(G72:R72) -> 1555.317 | T72: =S72*12 -> 18663.804
A73: =ROW()-3 -> 70 | B73: 1079 | C73: =VLOOKUP(B73,'[1]اسماء الموظفين'!$B$8:$O$501,2,0) -> خالق عبد الرشيد | D73: =VLOOKUP(B73,'[1]اسماء الموظفين'!$B$8:$O$501,4,0) -> بنجلاديش | E73: =VLOOKUP(B73,'[2]المقيمين النشطين'!$B$2:$Q$980,15,0) -> مؤسسة عبدالرحمن سلطان عبدالرحمن الرزيحي للتجارة | F73: =VLOOKUP(B73,'[1]اسماء الموظفين'!$B$8:$O$501,11,0) -> الشفا | G73: =VLOOKUP(B73,'[3]رواتب الموظفين 2022'!$B$9:$J$1019,9,0) -> 1750 | H73: =VLOOKUP(B73,'[3]رواتب الموظفين 2022'!$B$9:$E$438,4,0)*2% -> 24 | I73: =367/12 -> 30.583333 | J73: =220/12 -> 18.333333 | K73: =G73/30*21/12 -> 102.08333 | L73: =G73/2/12 -> 72.916667 | M73: =1800/24 -> 75 | O73: =650/12 -> 54.166667 | P73: =9700/12 -> 808.33333 | Q73: =VLOOKUP(B73,[4]بيان!$B$6:$G$112,4,0) -> 220.2381 | R73: =J$334 -> 581.33333 | S73: =SUM(G73:R73) -> 3736.9881 | T73: =S73*12 -> 44843.857
A74: =ROW()-3 -> 71 | B74: 1080 | C74: =VLOOKUP(B74,'[1]اسماء الموظفين'!$B$8:$O$501,2,0) -> محمد السر علي الخليفة | D74: =VLOOKUP(B74,'[1]اسماء الموظفين'!$B$8:$O$501,4,0) -> السودان | E74: =VLOOKUP(B74,'[2]المقيمين النشطين'!$B$2:$Q$980,15,0) -> مؤسسة عبدالرحمن سلطان عبدالرحمن الرزيحي للتجارة | F74: =VLOOKUP(B74,'[1]اسماء الموظفين'!$B$8:$O$501,11,0) -> المصنع | G74: =VLOOKUP(B74,'[3]رواتب الموظفين 2022'!$B$9:$J$1019,9,0) -> 1900 | H74: =VLOOKUP(B74,'[3]رواتب الموظفين 2022'!$B$9:$E$438,4,0)*2% -> 26 | I74: =1360/12 -> 113.33333 | J74: 0 | K74: =G74/30*21/12 -> 110.83333 | L74: =G74/2/12 -> 79.166667 | M74: =1500/24 -> 62.5 | O74: =650/12 -> 54.166667 | P74: =9700/12 -> 808.33333 | Q74: 0 | R74: =$K$329 -> 739.31703 | S74: =SUM(G74:R74) -> 3893.6504 | T74: =S74*12 -> 46723.804
A75: =ROW()-3 -> 72 | B75: 1081 | C75: =VLOOKUP(B75,'[1]اسماء الموظفين'!$B$8:$O$501,2,0) -> حسام حسن عبده الحاج حزام | D75: =VLOOKUP(B75,'[1]اسماء الموظفين'!$B$8:$O$501,4,0) -> اليمن | E75: =VLOOKUP(B75,'[2]المقيمين النشطين'!$B$2:$Q$980,15,0) -> مؤسسة عبدالرحمن سلطان عبدالرحمن الرزيحي للتجارة | F75: =VLOOKUP(B75,'[1]اسماء الموظفين'!$B$8:$O$501,11,0) -> بريدة | G75: =VLOOKUP(B75,'[3]رواتب الموظفين 2022'!$B$9:$J$1019,9,0) -> 2500 | H75: =VLOOKUP(B75,'[3]رواتب الموظفين 2022'!$B$9:$E$438,4,0)*2% -> 36 | I75: =412/12 -> 34.333333 | J75: =220/12 -> 18.333333 | K75: =G75/30*21/12 -> 145.83333 | L75: =G75/2/12 -> 104.16667 | M75: =1500/24 -> 62.5 | O75: =650/12 -> 54.166667 | P75: =9700/12 -> 808.33333 | Q75: =VLOOKUP(B75,[4]بيان!$B$6:$G$112,4,0) -> 375 | R75: =J$334 -> 581.33333 | S75: =SUM(G75:R75) -> 4720 | T75: =S75*12 -> 56640
A76: =ROW()-3 -> 73 | B76: 1082 | C76: =VLOOKUP(B76,'[1]اسماء الموظفين'!$B$8:$O$501,2,0) -> امجد حسين صديقي | D76: =VLOOKUP(B76,'[1]اسماء الموظفين'!$B$8:$O$501,4,0) -> نيبال | E76: =VLOOKUP(B76,'[2]المقيمين النشطين'!$B$2:$Q$980,15,0) -> شركة ريال البركة للتجارة | F76: =VLOOKUP(B76,'[1]اسماء الموظفين'!$B$8:$O$501,11,0) -> مستودع جملة سلطان | G76: =VLOOKUP(B76,'[3]رواتب الموظفين 2022'!$B$9:$J$1019,9,0) -> 1700 | H76: =VLOOKUP(B76,'[3]رواتب الموظفين 2022'!$B$9:$E$438,4,0)*2% -> 20 | I76: =195/12 -> 16.25 | J76: 0 | K76: =G76/30*21/12 -> 99.166667 | L76: =G76/2/12 -> 70.833333 | M76: =1800/24 -> 75 | O76: =650/12 -> 54.166667 | P76: =9700/12 -> 808.33333 | Q76: =VLOOKUP(B76,[4]بيان!$B$6:$G$112,4,0) -> 96.491228 | R76: =$K$329 -> 739.31703 | S76: =SUM(G76:R76) -> 3679.5583 | T76: =S76*12 -> 44154.699
A77: =ROW()-3 -> 74 | B77: 1083 | C77: =VLOOKUP(B77,'[1]اسماء الموظفين'!$B$8:$O$501,2,0) -> خدادين منصور | D77: =VLOOKUP(B77,'[1]اسماء الموظفين'!$B$8:$O$501,4,0) -> نيبال | E77: =VLOOKUP(B77,'[2]المقيمين النشطين'!$B$2:$Q$980,15,0) -> شركة ريال البركة للتجارة | F77: =VLOOKUP(B77,'[1]اسماء الموظفين'!$B$8:$O$501,11,0) -> جملة ريال البركة | G77: =VLOOKUP(B77,'[3]رواتب الموظفين 2022'!$B$9:$J$1019,9,0) -> 1700 | H77: =VLOOKUP(B77,'[3]رواتب الموظفين 2022'!$B$9:$E$438,4,0)*2% -> 24 | J77: 0 | K77: =G77/30*21/12 -> 99.166667 | L77: =G77/2/12 -> 70.833333 | M77: =1800/24 -> 75 | O77: =650/12 -> 54.166667 | P77: =9700/12 -> 808.33333 | Q77: 0 | R77: =$K$329 -> 739.31703 | S77: =SUM(G77:R77) -> 3570.817 | T77: =S77*12 -> 42849.804
A78: =ROW()-3 -> 75 | B78: 1084 | C78: =VLOOKUP(B78,'[1]اسماء الموظفين'!$B$8:$O$501,2,0) -> رانجيف شيخ | D78: =VLOOKUP(B78,'[1]اسماء الموظفين'!$B$8:$O$501,4,0) -> نيبال | E78: =VLOOKUP(B78,'[2]المقيمين النشطين'!$B$2:$Q$980,15,0) -> مصنع سلطان عبدالرحمن صالح الرزيحي للمنتجات الورقية | F78: =VLOOKUP(B78,'[1]اسماء الموظفين'!$B$8:$O$501,11,0) -> المصنع | G78: =VLOOKUP(B78,'[3]رواتب الموظفين 2022'!$B$9:$J$1019,9,0) -> 1900 | H78: =VLOOKUP(B78,'[3]رواتب الموظفين 2022'!$B$9:$E$438,4,0)*2% -> 24 | I78: =245/12 -> 20.416667 | J78: =1225.6/12 -> 102.13333 | K78: =G78/30*21/12 -> 110.83333 | L78: =G78/2/12 -> 79.166667 | M78: =1800/24 -> 75 | O78: =650/12 -> 54.166667 | P78: 8.3333333 | Q78: 0 | R78: =$K$329 -> 739.31703 | S78: =SUM(G78:R78) -> 3113.367 | T78: =S78*12 -> 37360.404
A79: =ROW()-3 -> 76 | B79: 1085 | C79: =VLOOKUP(B79,'[1]اسماء الموظفين'!$B$8:$O$501,2,0) -> شيخ احمد علام | D79: =VLOOKUP(B79,'[1]اسماء الموظفين'!$B$8:$O$501,4,0) -> نيبال | E79: =VLOOKUP(B79,'[2]المقيمين النشطين'!$B$2:$Q$980,15,0) -> شركة ريال البركة للتجارة | F79: =VLOOKUP(B79,'[1]اسماء الموظفين'!$B$8:$O$501,11,0) -> مستودع جملة سلطان | G79: =VLOOKUP(B79,'[3]رواتب الموظفين 2022'!$B$9:$J$1019,9,0) -> 1700 | H79: =VLOOKUP(B79,'[3]رواتب الموظفين 2022'!$B$9:$E$438,4,0)*2% -> 24 | J79: 0 | K79: =G79/30*21/12 -> 99.166667 | L79: =G79/2/12 -> 70.833333 | M79: =1800/24 -> 75 | O79: =650/12 -> 54.166667 | P79: =9700/12 -> 808.33333 | Q79: =VLOOKUP(B79,[4]بيان!$B$6:$G$112,4,0) -> 96.491228 | R79: =$K$329 -> 739.31703 | S79: =SUM(G79:R79) -> 3667.3083 | T79: =S79*12 -> 44007.699
A80: =ROW()-3 -> 77 | B80: 1086 | C80: =VLOOKUP(B80,'[1]اسماء الموظفين'!$B$8:$O$501,2,0) -> شيخ اسك | D80: =VLOOKUP(B80,'[1]اسماء الموظفين'!$B$8:$O$501,4,0) -> نيبال | E80: =VLOOKUP(B80,'[2]المقيمين النشطين'!$B$2:$Q$980,15,0) -> شركة ريال البركة للتجارة | F80: =VLOOKUP(B80,'[1]اسماء الموظفين'!$B$8:$O$501,11,0) -> أونلاين | G80: =VLOOKUP(B80,'[3]رواتب الموظفين 2022'!$B$9:$J$1019,9,0) -> 1700 | H80: =VLOOKUP(B80,'[3]رواتب الموظفين 2022'!$B$9:$E$438,4,0)*2% -> 24 | I80: =195/12 -> 16.25 | J80: 0 | K80: =G80/30*21/12 -> 99.166667 | L80: =G80/2/12 -> 70.833333 | M80: =1800/24 -> 75 | O80: =650/12 -> 54.166667 | P80: =9700/12 -> 808.33333 | Q80: 0 | R80: =$K$329 -> 739.31703 | S80: =SUM(G80:R80) -> 3587.067 | T80: =S80*12 -> 43044.804
A81: =ROW()-3 -> 78 | B81: 1087 | C81: =VLOOKUP(B81,'[1]اسماء الموظفين'!$B$8:$O$501,2,0) -> ضيا انصاري | D81: =VLOOKUP(B81,'[1]اسماء الموظفين'!$B$8:$O$501,4,0) -> نيبال | E81: =VLOOKUP(B81,'[2]المقيمين النشطين'!$B$2:$Q$980,15,0) -> شركة ريال البركة للتجارة | F81: =VLOOKUP(B81,'[1]اسماء الموظفين'!$B$8:$O$501,11,0) -> مستودع جملة سلطان | G81: =VLOOKUP(B81,'[3]رواتب الموظفين 2022'!$B$9:$J$1019,9,0) -> 1700 | H81: =VLOOKUP(B81,'[3]رواتب الموظفين 2022'!$B$9:$E$438,4,0)*2% -> 24 | I81: =195/12 -> 16.25 | J81: 0 | K81: =G81/30*21/12 -> 99.166667 | L81: =G81/2/12 -> 70.833333 | M81: =1800/24 -> 75 | O81: =650/12 -> 54.166667 | P81: =9700/12 -> 808.33333 | Q81: =VLOOKUP(B81,[4]بيان!$B$6:$G$112,4,0) -> 96.491228 | R81: =$K$329 -> 739.31703 | S81: =SUM(G81:R81) -> 3683.5583 | T81: =S81*12 -> 44202.699
A82: =ROW()-3 -> 79 | B82: 1088 | C82: =VLOOKUP(B82,'[1]اسماء الموظفين'!$B$8:$O$501,2,0) -> عطا بول انصاري | D82: =VLOOKUP(B82,'[1]اسماء الموظفين'!$B$8:$O$501,4,0) -> نيبال | E82: =VLOOKUP(B82,'[2]المقيمين النشطين'!$B$2:$Q$980,15,0) -> شركة ريال البركة للتجارة | F82: =VLOOKUP(B82,'[1]اسماء الموظفين'!$B$8:$O$501,11,0) -> غرناطة | G82: =VLOOKUP(B82,'[3]رواتب الموظفين 2022'!$B$9:$J$1019,9,0) -> 1700 | H82: =VLOOKUP(B82,'[3]رواتب الموظفين 2022'!$B$9:$E$438,4,0)*2% -> 24 | I82: =195/12 -> 16.25 | J82: =220/12 -> 18.333333 | K82: =G82/30*21/12 -> 99.166667 | L82: =G82/2/12 -> 70.833333 | M82: =1800/24 -> 75 | O82: =650/12 -> 54.166667 | P82: =9700/12 -> 808.33333 | Q82: =VLOOKUP(B82,[4]بيان!$B$6:$G$112,4,0) -> 187.5 | R82: =$K$329 -> 739.31703 | S82: =SUM(G82:R82) -> 3792.9004 | T82: =S82*12 -> 45514.804
A83: =ROW()-3 -> 80 | B83: 1089 | C83: =VLOOKUP(B83,'[1]اسماء الموظفين'!$B$8:$O$501,2,0) -> كنانين سيس | D83: =VLOOKUP(B83,'[1]اسماء الموظفين'!$B$8:$O$501,4,0) -> نيبال | E83: =VLOOKUP(B83,'[2]المقيمين النشطين'!$B$2:$Q$980,15,0) -> مصنع سلطان عبدالرحمن صالح الرزيحي للمنتجات الورقية | F83: =VLOOKUP(B83,'[1]اسماء الموظفين'!$B$8:$O$501,11,0) -> المصنع | G83: =VLOOKUP(B83,'[3]رواتب الموظفين 2022'!$B$9:$J$1019,9,0) -> 1900 | H83: =VLOOKUP(B83,'[3]رواتب الموظفين 2022'!$B$9:$E$438,4,0)*2% -> 24 | I83: =245/12 -> 20.416667 | J83: =1225.6/12 -> 102.13333 | K83: =G83/30*21/12 -> 110.83333 | L83: =G83/2/12 -> 79.166667 | M83: =1800/24 -> 75 | O83: =650/12 -> 54.166667 | P83: 8.3333333 | Q83: 0 | R83: =$K$329 -> 739.31703 | S83: =SUM(G83:R83) -> 3113.367 | T83: =S83*12 -> 37360.404
A84: =ROW()-3 -> 81 | B84: 1090 | C84: =VLOOKUP(B84,'[1]اسماء الموظفين'!$B$8:$O$501,2,0) -> شاة بران | D84: =VLOOKUP(B84,'[1]اسماء الموظفين'!$B$8:$O$501,4,0) -> بنجلاديش | E84: =VLOOKUP(B84,'[2]المقيمين النشطين'!$B$2:$Q$980,15,0) -> مؤسسة عبدالرحمن سلطان عبدالرحمن الرزيحي للتجارة | F84: =VLOOKUP(B84,'[1]اسماء الموظفين'!$B$8:$O$501,11,0) -> لبن | G84: =VLOOKUP(B84,'[3]رواتب الموظفين 2022'!$B$9:$J$1019,9,0) -> 1700 | H84: =VLOOKUP(B84,'[3]رواتب الموظفين 2022'!$B$9:$E$438,4,0)*2% -> 24 | I84: =245/12 -> 20.416667 | J84: =220/12 -> 18.333333 | K84: =G84/30*21/12 -> 99.166667 | L84: =G84/2/12 -> 70.833333 | M84: =1800/24 -> 75 | O84: =650/12 -> 54.166667 | P84: =9700/12 -> 808.33333 | Q84: =VLOOKUP(B84,[4]بيان!$B$6:$G$112,4,0) -> 375 | R84: =J$334 -> 581.33333 | S84: =SUM(G84:R84) -> 3826.5833 | T84: =S84*12 -> 45919
A85: =ROW()-3 -> 82 | B85: 1091 | C85: =VLOOKUP(B85,'[1]اسماء الموظفين'!$B$8:$O$501,2,0) -> محمد مأمون حسين | D85: =VLOOKUP(B85,'[1]اسماء الموظفين'!$B$8:$O$501,4,0) -> بنجلاديش | E85: =VLOOKUP(B85,'[2]المقيمين النشطين'!$B$2:$Q$980,15,0) -> مؤسسة عبدالرحمن سلطان عبدالرحمن الرزيحي للتجارة | F85: =VLOOKUP(B85,'[1]اسماء الموظفين'!$B$8:$O$501,11,0) -> الشفا | G85: =VLOOKUP(B85,'[3]رواتب الموظفين 2022'!$B$9:$J$1019,9,0) -> 1750 | H85: =VLOOKUP(B85,'[3]رواتب الموظفين 2022'!$B$9:$E$438,4,0)*2% -> 28 | I85: =245/12 -> 20.416667 | J85: =220/12 -> 18.333333 | K85: =G85/30*21/12 -> 102.08333 | L85: =G85/2/12 -> 72.916667 | M85: =1800/24 -> 75 | O85: =650/12 -> 54.166667 | P85: =9700/12 -> 808.33333 | Q85: =VLOOKUP(B85,[4]بيان!$B$6:$G$112,4,0) -> 220.2381 | R85: =J$334 -> 581.33333 | S85: =SUM(G85:R85) -> 3730.8214 | T85: =S85*12 -> 44769.857
A86: =ROW()-3 -> 83 | B86: 1092 | C86: =VLOOKUP(B86,'[1]اسماء الموظفين'!$B$8:$O$501,2,0) -> اسف علم كندي عبد الستار | D86: =VLOOKUP(B86,'[1]اسماء الموظفين'!$B$8:$O$501,4,0) -> الهند | E86: =VLOOKUP(B86,'[2]المقيمين النشطين'!$B$2:$Q$980,15,0) -> شركة ريال البركة للتجارة | F86: =VLOOKUP(B86,'[1]اسماء الموظفين'!$B$8:$O$501,11,0) -> الإدارة | G86: =VLOOKUP(B86,'[3]رواتب الموظفين 2022'!$B$9:$J$1019,9,0) -> 2300 | H86: =VLOOKUP(B86,'[3]رواتب الموظفين 2022'!$B$9:$E$438,4,0)*2% -> 28 | J86: 0 | K86: =G86/30*21/12 -> 134.16667 | L86: =G86/2/12 -> 95.833333 | M86: =1800/24 -> 75 | O86: =650/12 -> 54.166667 | P86: =9700/12 -> 808.33333 | Q86: =VLOOKUP(B86,[4]بيان!$B$6:$G$112,4,0) -> 96.491228 | R86: =$K$329 -> 739.31703 | S86: =SUM(G86:R86) -> 4331.3083 | T86: =S86*12 -> 51975.699
A87: =ROW()-3 -> 84 | B87: 1093 | C87: =VLOOKUP(B87,'[1]اسماء الموظفين'!$B$8:$O$501,2,0) -> وسيم بري خان | D87: =VLOOKUP(B87,'[1]اسماء الموظفين'!$B$8:$O$501,4,0) -> الهند | E87: =VLOOKUP(B87,'[2]المقيمين النشطين'!$B$2:$Q$980,15,0) -> شركة ريال البركة للتجارة | F87: =VLOOKUP(B87,'[1]اسماء الموظفين'!$B$8:$O$501,11,0) -> المصنع | G87: =VLOOKUP(B87,'[3]رواتب الموظفين 2022'!$B$9:$J$1019,9,0) -> 1800 | H87: =VLOOKUP(B87,'[3]رواتب الموظفين 2022'!$B$9:$E$438,4,0)*2% -> 24 | I87: =376/12 -> 31.333333 | J87: =220/12 -> 18.333333 | K87: =G87/30*21/12 -> 105 | L87: =G87/2/12 -> 75 | M87: =1800/24 -> 75 | O87: =650/12 -> 54.166667 | P87: =9700/12 -> 808.33333 | Q87: =VLOOKUP(B87,[4]بيان!$B$6:$G$112,4,0) -> 183.33333 | R87: =$K$329 -> 739.31703 | S87: =SUM(G87:R87) -> 3913.817 | T87: =S87*12 -> 46965.804
A88: =ROW()-3 -> 85 | B88: 1094 | C88: =VLOOKUP(B88,'[1]اسماء الموظفين'!$B$8:$O$501,2,0) -> بلال حوسان سيفال | D88: =VLOOKUP(B88,'[1]اسماء الموظفين'!$B$8:$O$501,4,0) -> بنجلاديش | E88: =VLOOKUP(B88,'[2]المقيمين النشطين'!$B$2:$Q$980,15,0) -> مؤسسة عبدالرحمن سلطان عبدالرحمن الرزيحي للتجارة | F88: =VLOOKUP(B88,'[1]اسماء الموظفين'!$B$8:$O$501,11,0) -> الأندلس | G88: =VLOOKUP(B88,'[3]رواتب الموظفين 2022'!$B$9:$J$1019,9,0) -> 1650 | H88: =VLOOKUP(B88,'[3]رواتب الموظفين 2022'!$B$9:$E$438,4,0)*2% -> 20 | J88: 0 | K88: =G88/30*21/12 -> 96.25 | L88: =G88/2/12 -> 68.75 | M88: =1800/24 -> 75 | O88: =650/12 -> 54.166667 | P88: =9700/12 -> 808.33333 | Q88: =VLOOKUP(B88,[4]بيان!$B$6:$G$112,4,0) -> 333.33333 | R88: =J$334 -> 581.33333 | S88: =SUM(G88:R88) -> 3687.1667 | T88: =S88*12 -> 44246
A89: =ROW()-3 -> 86 | B89: 1095 | C89: =VLOOKUP(B89,'[1]اسماء الموظفين'!$B$8:$O$501,2,0) -> سري بيدان ساركار | D89: =VLOOKUP(B89,'[1]اسماء الموظفين'!$B$8:$O$501,4,0) -> بنجلاديش | E89: =VLOOKUP(B89,'[2]المقيمين النشطين'!$B$2:$Q$980,15,0) -> مؤسسة عبدالرحمن سلطان عبدالرحمن الرزيحي للتجارة | F89: =VLOOKUP(B89,'[1]اسماء الموظفين'!$B$8:$O$501,11,0) -> الشفا | G89: =VLOOKUP(B89,'[3]رواتب الموظفين 2022'!$B$9:$J$1019,9,0) -> 1750 | H89: =VLOOKUP(B89,'[3]رواتب الموظفين 2022'!$B$9:$E$438,4,0)*2% -> 24 | I89: =303/12 -> 25.25 | J89: =220/12 -> 18.333333 | K89: =G89/30*21/12 -> 102.08333 | L89: =G89/2/12 -> 72.916667 | M89: =1800/24 -> 75 | O89: =650/12 -> 54.166667 | P89: =9700/12 -> 808.33333 | Q89: =VLOOKUP(B89,[4]بيان!$B$6:$G$112,4,0) -> 220.2381 | R89: =J$334 -> 581.33333 | S89: =SUM(G89:R89) -> 3731.6548 | T89: =S89*12 -> 44779.857
A90: =ROW()-3 -> 87 | B90: 1096 | C90: =VLOOKUP(B90,'[1]اسماء الموظفين'!$B$8:$O$501,2,0) -> محمد أنس علي | D90: =VLOOKUP(B90,'[1]اسماء الموظفين'!$B$8:$O$501,4,0) -> بنجلاديش | E90: =VLOOKUP(B90,'[2]المقيمين النشطين'!$B$2:$Q$980,15,0) -> مؤسسة عبدالرحمن سلطان عبدالرحمن الرزيحي للتجارة | F90: =VLOOKUP(B90,'[1]اسماء الموظفين'!$B$8:$O$501,11,0) -> الأندلس | G90: =VLOOKUP(B90,'[3]رواتب الموظفين 2022'!$B$9:$J$1019,9,0) -> 1700 | H90: =VLOOKUP(B90,'[3]رواتب الموظفين 2022'!$B$9:$E$438,4,0)*2% -> 24 | I90: =195/12 -> 16.25 | J90: 0 | K90: =G90/30*21/12 -> 99.166667 | L90: =G90/2/12 -> 70.833333 | M90: =1800/24 -> 75 | O90: =650/12 -> 54.166667 | P90: =9700/12 -> 808.33333 | Q90: =VLOOKUP(B90,[4]بيان!$B$6:$G$112,4,0) -> 333.33333 | R90: =J$334 -> 581.33333 | S90: =SUM(G90:R90) -> 3762.4167 | T90: =S90*12 -> 45149
A91: =ROW()-3 -> 88 | B91: 1097 | C91: =VLOOKUP(B91,'[1]اسماء الموظفين'!$B$8:$O$501,2,0) -> مد شبوزا | D91: =VLOOKUP(B91,'[1]اسماء الموظفين'!$B$8:$O$501,4,0) -> بنجلاديش | E91: =VLOOKUP(B91,'[2]المقيمين النشطين'!$B$2:$Q$980,15,0) -> مؤسسة عبدالرحمن سلطان عبدالرحمن الرزيحي للتجارة | F91: =VLOOKUP(B91,'[1]اسماء الموظفين'!$B$8:$O$501,11,0) -> لبن | G91: =VLOOKUP(B91,'[3]رواتب الموظفين 2022'!$B$9:$J$1019,9,0) -> 1650 | H91: =VLOOKUP(B91,'[3]رواتب الموظفين 2022'!$B$9:$E$438,4,0)*2% -> 20 | I91: =195/12 -> 16.25 | J91: =220/12 -> 18.333333 | K91: =G91/30*21/12 -> 96.25 | L91: =G91/2/12 -> 68.75 | M91: =1800/24 -> 75 | O91: =650/12 -> 54.166667 | P91: =9700/12 -> 808.33333 | Q91: =VLOOKUP(B91,[4]بيان!$B$6:$G$112,4,0) -> 375 | R91: =J$334 -> 581.33333 | S91: =SUM(G91:R91) -> 3763.4167 | T91: =S91*12 -> 45161
A92: =ROW()-3 -> 89 | B92: 1098 | C92: =VLOOKUP(B92,'[1]اسماء الموظفين'!$B$8:$O$501,2,0) -> محمد فاروق حسين | D92: =VLOOKUP(B92,'[1]اسماء الموظفين'!$B$8:$O$501,4,0) -> بنجلاديش | E92: =VLOOKUP(B92,'[2]المقيمين النشطين'!$B$2:$Q$980,15,0) -> مؤسسة عبدالرحمن سلطان عبدالرحمن الرزيحي للتجارة | F92: =VLOOKUP(B92,'[1]اسماء الموظفين'!$B$8:$O$501,11,0) -> لبن | G92: =VLOOKUP(B92,'[3]رواتب الموظفين 2022'!$B$9:$J$1019,9,0) -> 1700 | H92: =VLOOKUP(B92,'[3]رواتب الموظفين 2022'!$B$9:$E$438,4,0)*2% -> 24 | I92: =245/12 -> 20.416667 | J92: =220/12 -> 18.333333 | K92: =G92/30*21/12 -> 99.166667 | L92: =G92/2/12 -> 70.833333 | M92: =1800/24 -> 75 | O92: =650/12 -> 54.166667 | P92: =9700/12 -> 808.33333 | Q92: =VLOOKUP(B92,[4]بيان!$B$6:$G$112,4,0) -> 375 | R92: =J$334 -> 581.33333 | S92: =SUM(G92:R92) -> 3826.5833 | T92: =S92*12 -> 45919
A93: =ROW()-3 -> 90 | B93: 1099 | C93: =VLOOKUP(B93,'[1]اسماء الموظفين'!$B$8:$O$501,2,0) -> عبدالله الطحامي | D93: =VLOOKUP(B93,'[1]اسماء الموظفين'!$B$8:$O$501,4,0) -> سعودي | E93: =VLOOKUP(B93,'[2]المقيمين النشطين'!$B$2:$Q$980,15,0) -> دوام جزئي | F93: =VLOOKUP(B93,'[1]اسماء الموظفين'!$B$8:$O$501,11,0) -> وكالة ممكن | G93: =VLOOKUP(B93,'[3]رواتب الموظفين 2022'!$B$9:$J$1019,9,0) -> 6000 | H93: 0 | I93: 0 | J93: 0 | K93: 0 | L93: 0 | M93: 0 | N93: 0 | O93: 0 | P93: 0 | Q93: 0 | R93: 0 | S93: =SUM(G93:R93) -> 6000 | T93: =S93*12 -> 72000
A94: =ROW()-3 -> 91 | B94: 1100 | C94: =VLOOKUP(B94,'[1]اسماء الموظفين'!$B$8:$O$501,2,0) -> نوره حمد فنيس الكبرى | D94: =VLOOKUP(B94,'[1]اسماء الموظفين'!$B$8:$O$501,4,0) -> سعودي | E94: =VLOOKUP(B94,'[2]المقيمين النشطين'!$B$2:$Q$980,15,0) -> شركة ريال البركة للتجارة | F94: =VLOOKUP(B94,'[1]اسماء الموظفين'!$B$8:$O$501,11,0) -> غرناطة | G94: =VLOOKUP(B94,'[3]رواتب الموظفين 2022'!$B$9:$J$1019,9,0) -> 4300 | H94: =VLOOKUP(B94,'[3]رواتب الموظفين 2022'!$B$9:$E$438,4,0)*2% -> 80 | I94: =331/12 -> 27.583333 | J94: =220/12 -> 18.333333 | K94: =G94/30*21/12 -> 250.83333 | L94: =G94/2/12 -> 179.16667 | M94: 0 | O94: 0 | P94: 0 | Q94: 0 | R94: 0 | S94: =SUM(G94:R94) -> 4855.9167 | T94: =S94*12 -> 58271
A95: =ROW()-3 -> 92 | B95: 1102 | C95: =VLOOKUP(B95,'[1]اسماء الموظفين'!$B$8:$O$501,2,0) -> مجيد مياه عبدال حنان | D95: =VLOOKUP(B95,'[1]اسماء الموظفين'!$B$8:$O$501,4,0) -> بنجلاديش | E95: =VLOOKUP(B95,'[2]المقيمين النشطين'!$B$2:$Q$980,15,0) -> مؤسسة عبدالرحمن سلطان عبدالرحمن الرزيحي للتجارة | F95: =VLOOKUP(B95,'[1]اسماء الموظفين'!$B$8:$O$501,11,0) -> الشفا | G95: =VLOOKUP(B95,'[3]رواتب الموظفين 2022'!$B$9:$J$1019,9,0) -> 1750 | H95: =VLOOKUP(B95,'[3]رواتب الموظفين 2022'!$B$9:$E$438,4,0)*2% -> 24 | J95: =220/12 -> 18.333333 | K95: =G95/30*21/12 -> 102.08333 | L95: =G95/2/12 -> 72.916667 | M95: =1800/24 -> 75 | O95: =650/12 -> 54.166667 | P95: =9700/12 -> 808.33333 | Q95: =VLOOKUP(B95,[4]بيان!$B$6:$G$112,4,0) -> 220.2381 | R95: =J$334 -> 581.33333 | S95: =SUM(G95:R95) -> 3706.4048 | T95: =S95*12 -> 44476.857
A96: =ROW()-3 -> 93 | B96: 1104 | C96: =VLOOKUP(B96,'[1]اسماء الموظفين'!$B$8:$O$501,2,0) -> الهنوف خالد محمد الباحوث | D96: =VLOOKUP(B96,'[1]اسماء الموظفين'!$B$8:$O$501,4,0) -> سعودي | E96: =VLOOKUP(B96,'[2]المقيمين النشطين'!$B$2:$Q$980,15,0) -> شركة ريال البركة للتجارة | F96: =VLOOKUP(B96,'[1]اسماء الموظفين'!$B$8:$O$501,11,0) -> غرناطة | G96: =VLOOKUP(B96,'[3]رواتب الموظفين 2022'!$B$9:$J$1019,9,0) -> 4300 | H96: =VLOOKUP(B96,'[3]رواتب الموظفين 2022'!$B$9:$E$438,4,0)*2% -> 80 | I96: =331/12 -> 27.583333 | J96: =220/12 -> 18.333333 | K96: =G96/30*21/12 -> 250.83333 | L96: =G96/2/12 -> 179.16667 | M96: 0 | O96: 0 | P96: 0 | Q96: 0 | R96: 0 | S96: =SUM(G96:R96) -> 4855.9167 | T96: =S96*12 -> 58271
A97: =ROW()-3 -> 94 | B97: 1105 | C97: =VLOOKUP(B97,'[1]اسماء الموظفين'!$B$8:$O$501,2,0) -> حافظ محمد يحي حكمي | D97: =VLOOKUP(B97,'[1]اسماء الموظفين'!$B$8:$O$501,4,0) -> سعودي | E97: =VLOOKUP(B97,'[2]المقيمين النشطين'!$B$2:$Q$980,15,0) -> عن بعد | F97: =VLOOKUP(B97,'[1]اسماء الموظفين'!$B$8:$O$501,11,0) -> وكالة ممكن | G97: =VLOOKUP(B97,'[3]رواتب الموظفين 2022'!$B$9:$J$1019,9,0) -> 5500 | H97: 0 | I97: 0 | J97: 0 | K97: 0 | L97: 0 | M97: 0 | N97: 0 | O97: 0 | P97: 0 | Q97: 0 | R97: 0 | S97: =SUM(G97:R97) -> 5500 | T97: =S97*12 -> 66000
A98: =ROW()-3 -> 95 | B98: 1106 | C98: =VLOOKUP(B98,'[1]اسماء الموظفين'!$B$8:$O$501,2,0) -> محمد عبدالمنعم السيد عرفه | D98: =VLOOKUP(B98,'[1]اسماء الموظفين'!$B$8:$O$501,4,0) -> مصر | E98: =VLOOKUP(B98,'[2]المقيمين النشطين'!$B$2:$Q$980,15,0) -> مؤسسة عبدالرحمن سلطان عبدالرحمن الرزيحي للتجارة | F98: =VLOOKUP(B98,'[1]اسماء الموظفين'!$B$8:$O$501,11,0) -> المالك | G98: =VLOOKUP(B98,'[3]رواتب الموظفين 2022'!$B$9:$J$1019,9,0) -> 400 | H98: =VLOOKUP(B98,'[3]رواتب الموظفين 2022'!$B$9:$E$438,4,0)*2% -> 8 | J98: 0 | K98: 0 | L98: 0 | M98: 0 | O98: 0 | P98: 0 | Q98: 0 | R98: 688 | S98: =SUM(G98:R98) -> 1096 | T98: =S98*12 -> 13152
A99: =ROW()-3 -> 96 | B99: 1108 | C99: =VLOOKUP(B99,'[1]اسماء الموظفين'!$B$8:$O$501,2,0) -> عمر محمود محمد احمد | D99: =VLOOKUP(B99,'[1]اسماء الموظفين'!$B$8:$O$501,4,0) -> مصر | E99: =VLOOKUP(B99,'[2]المقيمين النشطين'!$B$2:$Q$980,15,0) -> شركة ريال البركة للتجارة | F99: =VLOOKUP(B99,'[1]اسماء الموظفين'!$B$8:$O$501,11,0) -> الإدارة | G99: =VLOOKUP(B99,'[3]رواتب الموظفين 2022'!$B$9:$J$1019,9,0) -> 5000 | H99: =VLOOKUP(B99,'[3]رواتب الموظفين 2022'!$B$9:$E$438,4,0)*2% -> 48 | I99: =517/12 -> 43.083333 | J99: 0 | K99: =G99/30*21/12 -> 291.66667 | L99: =G99/2/12 -> 208.33333 | M99: =1500/12 -> 125 | O99: =650/12 -> 54.166667 | P99: =9700/12 -> 808.33333 | Q99: =VLOOKUP(B99,[4]بيان!$B$6:$G$112,4,0) -> 329.16667 | R99: =$K$329 -> 739.31703 | S99: =SUM(G99:R99) -> 7647.067 | T99: =S99*12 -> 91764.804
A100: =ROW()-3 -> 97 | B100: 1109 | C100: =VLOOKUP(B100,'[1]اسماء الموظفين'!$B$8:$O$501,2,0) -> احمد سمير محمود الجندى | D100: =VLOOKUP(B100,'[1]اسماء الموظفين'!$B$8:$O$501,4,0) -> مصر | E100: =VLOOKUP(B100,'[2]المقيمين النشطين'!$B$2:$Q$980,15,0) -> شركة ريال البركة للتجارة | F100: =VLOOKUP(B100,'[1]اسماء الموظفين'!$B$8:$O$501,11,0) -> جملة ريال البركة | G100: =VLOOKUP(B100,'[3]رواتب الموظفين 2022'!$B$9:$J$1019,9,0) -> 2800 | H100: =VLOOKUP(B100,'[3]رواتب الموظفين 2022'!$B$9:$E$438,4,0)*2% -> 32 | I100: =517/12 -> 43.083333 | J100: 0 | K100: =G100/30*21/12 -> 163.33333 | L100: =G100/2/12 -> 116.66667 | M100: =1500/24 -> 62.5 | O100: =650/12 -> 54.166667 | P100: =9700/12 -> 808.33333 | Q100: 0 | R100: =$K$329 -> 739.31703 | S100: =SUM(G100:R100) -> 4819.4004 | T100: =S100*12 -> 57832.804
...

Sheet تقارير
A3: تسميات الصفوف | B3: مجموع من الراتب | C3: مجموع من اشتراك التامينات الاجتماعية | D3: مجموع من التأمين الطبي | E3: مجموع من الشهادة الصحية | F3: مجموع من تكلفة الأجازة | G3: مجموع من نهاية الخدمة | H3: مجموع من تذاكر طيران | I3: مجموع من نقل الكفالة | J3: مجموع من جوازات | K3: مجموع من رخصة العمل | L3: مجموع من إيجار السكن | M3: مجموع من كهرباء + مياه | N3: مجموع من تحمل نسبة السعودة | O3: مجموع من مجموج شهري | P3: مجموع من مجموع سنوي
A4: الإدارة | B4: 190500 | C4: 592 | D4: 4010.3492 | E4: 0 | F4: 5512.5 | G4: 3937.5 | H4: 900 | I4: 0 | J4: 433.33333 | K4: 6466.6667 | L4: 3413.1579 | M4: 201.75439 | N4: 3403.5747 | O4: 219370.84 | P4: 2321382.8
A5: الإستراحة | B5: 1800 | C5: 0 | D5: 0 | E5: 0 | F5: 105 | G5: 75 | H5: 75 | J5: 50 | K5: 808.33333 | L5: 0 | M5: 0 | N5: 0 | O5: 2913.3333 | P5: 22713.333
A6: الأندلس | B6: 23800 | C6: 2068 | D6: 46.833333 | E6: 0 | F6: 1388.3333 | G6: 991.66667 | H6: 287.5 | I6: 0 | J6: 216.66667 | K6: 3233.3333 | L6: 1500 | M6: 500 | N6: 5391.5789 | O6: 39423.912 | P6: 323971.91
A7: الدائري الغربي | B7: 48210 | C7: 3684 | D7: 212 | E7: 658.25833 | F7: 2812.25 | G7: 2008.75 | H7: 662.5 | I7: 166.66667 | J7: 487.5 | K7: 7275 | L7: 1776.9231 | M7: 375 | N7: 3829.0215 | O7: 72157.87 | P7: 642991.87
A8: الشفا | B8: 29700 | C8: 1756 | D8: 145.78 | E8: 331.29583 | F8: 1732.5 | G8: 1237.5 | H8: 500 | I8: 166.66667 | J8: 379.16667 | K8: 5658.3333 | L8: 1541.6667 | M8: 250 | N8: 3685.2632 | O8: 47084.172 | P8: 393100.17
A9: العنود | B9: 24300 | C9: 1640 | D9: 193.91667 | E9: 0 | F9: 1417.5 | G9: 1012.5 | H9: 437.5 | I9: 166.66667 | J9: 325 | K9: 4850 | L9: 1950 | M9: 291.66667 | N9: 2552.681 | O9: 39137.431 | P9: 324477.43
A10: المالك | B10: 4800 | C10: 76 | D10: 40 | E10: 0 | F10: 233.33333 | G10: 166.66667 | H10: 150 | I10: 333.33333 | J10: 108.33333 | K10: 1616.6667 | L10: 0 | M10: 0 | N10: 1376 | O10: 8900.3333 | P10: 62536.333
A11: المدير العام | B11: 1800 | D11: 0 | E11: 0 | F11: 105 | G11: 75 | H11: 75 | I11: 166.66667 | J11: 50 | K11: 0 | L11: 96.491228 | M11: 35.087719 | N11: 0 | O11: 2403.2456 | P11: 22203.246
A12: المصنع | B12: 20250 | C12: 226 | D12: 207.66667 | E12: 0 | F12: 1181.25 | G12: 843.75 | H12: 600 | I12: 166.66667 | J12: 433.33333 | K12: 5666.6667 | L12: 0 | M12: 0 | N12: 3240.4809 | O12: 32815.814 | P12: 258051.81
A13: المصيف | B13: 24400 | C13: 1680 | E13: 0 | F13: 1423.3333 | G13: 1016.6667 | H13: 337.5 | I13: 0 | J13: 270.83333 | K13: 4041.6667 | L13: 0 | M13: 0 | N13: 0 | O13: 33170 | P13: 320050
A14: النسيم | B14: 10450 | C14: 578 | D14: 121.33333 | E14: 0 | F14: 609.58333 | G14: 435.41667 | H14: 225 | I14: 0 | J14: 162.5 | K14: 2425 | L14: 875 | M14: 166.66667 | N14: 1276.3405 | O14: 17324.841 | P14: 160968.37
A15: اليرموك | B15: 31600 | C15: 1092 | D15: 0 | E15: 0 | F15: 968.33333 | G15: 691.66667 | H15: 262.5 | I15: 0 | J15: 216.66667 | K15: 3233.3333 | L15: 1250 | M15: 208.33333 | N15: 0 | O15: 39522.833 | P15: 399134.83
A16: أونلاين | B16: 11100 | C16: 158 | D16: 195.865 | E16: 0 | F16: 647.5 | G16: 462.5 | H16: 350 | I16: 166.66667 | J16: 270.83333 | K16: 4041.6667 | L16: 385.96491 | M16: 140.35088 | N16: 2127.2342 | O16: 20046.582 | P16: 143884.58
A17: جملة سلطان/السويلم | B17: 10700 | C17: 572 | D17: 768.14 | E17: 0 | F17: 624.16667 | G17: 445.83333 | H17: 137.5 | I17: 0 | J17: 108.33333 | K17: 1616.6667 | L17: 625 | M17: 208.33333 | N17: 2173.8937 | O17: 17979.867 | P17: 141971.87
A18: غرناطة | B18: 21400 | C18: 766 | D18: 195.335 | E18: 128.33333 | F18: 1248.3333 | G18: 891.66667 | H18: 287.5 | J18: 216.66667 | K18: 3233.3333 | L18: 750 | M18: 166.66667 | N18: 1701.7874 | O18: 30985.622 | P18: 274811.62
A19: لبن | B19: 19750 | C19: 1164 | D19: 138.49667 | E19: 252.33333 | F19: 1152.0833 | G19: 822.91667 | H19: 287.5 | I19: 0 | J19: 216.66667 | K19: 3233.3333 | L19: 2185 | M19: 125 | N19: 4241.5789 | O19: 33568.909 | P19: 263622.91
A20: مستودع الغنامية | B20: 1000 | C20: 0 | D20: 0 | E20: 0 | F20: 0 | G20: 0 | H20: 0 | I20: 0 | J20: 0 | K20: 0 | L20: 0 | M20: 0 | N20: 0 | O20: 1000 | P20: 12000
A21: مستودع جملة سلطان | B21: 21300 | C21: 294 | D21: 4955.5675 | E21: 0 | F21: 1242.5 | G21: 887.5 | H21: 562.5 | I21: 166.66667 | J21: 433.33333 | K21: 6466.6667 | L21: 1675.4386 | M21: 245.61404 | N21: 3403.5747 | O21: 41633.362 | P21: 279167.36
A22: مستودع ديراب | B22: 39200 | C22: 460 | D22: 1514.9167 | E22: 0 | F22: 2286.6667 | G22: 1633.3333 | H22: 812.5 | I22: 166.66667 | J22: 645.83333 | K22: 9700 | L22: 1688.7989 | M22: 160.08772 | N22: 4679.9152 | O22: 62948.719 | P22: 499208.72
A23: مستودع عكاظ 20 | B23: 13300 | C23: 186 | D23: 2129.2017 | E23: 0 | F23: 775.83333 | G23: 554.16667 | H23: 325 | J23: 270.83333 | K23: 4041.6667 | L23: 885.96491 | M23: 140.35088 | N23: 1899.6821 | O23: 24508.7 | P23: 172854.7
A24: مستودع عكاظ 23 | B24: 1800 | C24: 36 | D24: 3315.9167 | E24: 0 | F24: 0 | G24: 0 | H24: 0 | J24: 0 | K24: 0 | L24: 0 | M24: 0 | N24: 850.89368 | O24: 6002.8103 | P24: 26198.81
A25: هاينس | B25: 100750 | C25: 5634 | D25: 365.10833 | E25: 2149.25 | F25: 5877.0833 | G25: 4197.9167 | H25: 2362.5 | I25: 4000 | J25: 1512.5 | K25: 21825 | L25: 2975.2692 | M25: 1430.5833 | N25: 12337.958 | O25: 165417.17 | P25: 1335641.2
A26: ورشة أثاث | B26: 60400 | C26: 206 | D26: 0 | E26: 0 | F26: 3523.3333 | G26: 2516.6667 | H26: 1275 | I26: 1000 | J26: 1083.3333 | K26: 16166.667 | L26: 0 | M26: 0 | N26: 7520 | O26: 93691 | P26: 760357
A27: وكالة ممكن | B27: 76379 | C27: 1492 | D27: 1918.6458 | E27: 0 | F27: 2887.5 | G27: 2062.5 | H27: 500 | I27: 666.66667 | J27: 162.5 | K27: 825 | L27: 1972.5 | M27: 694.58333 | N27: 2552.681 | O27: 92113.577 | P27: 948694.58
A28: الإجمالي الكلي | B28: 788689 | C28: 24360 | D28: 20475.073 | E28: 3519.4708 | F28: 37753.917 | G28: 26967.083 | H28: 11412.5 | I28: 7333.3333 | J28: 8054.1667 | K28: 116425 | L28: 25547.175 | M28: 5340.0789 | N28: 68244.14 | O28: 1144120.9 | P28: 10109995
